--
-- PostgreSQL database dump
--

-- Dumped from database version 16.4
-- Dumped by pg_dump version 16.4

-- Started on 2025-08-28 09:11:28

SET statement_timeout = 0;
SET lock_timeout = 0;
SET idle_in_transaction_session_timeout = 0;
SET client_encoding = 'UTF8';
SET standard_conforming_strings = on;
SELECT pg_catalog.set_config('search_path', '', false);
SET check_function_bodies = false;
SET xmloption = content;
SET client_min_messages = warning;
SET row_security = off;

SET default_tablespace = '';

SET default_table_access_method = heap;

--
-- TOC entry 238 (class 1259 OID 25275)
-- Name: attendance_attendancerecord; Type: TABLE; Schema: public; Owner: postgres
--

CREATE TABLE public.attendance_attendancerecord (
    id bigint NOT NULL,
    amount numeric(12,2) NOT NULL,
    period_type character varying(10) NOT NULL,
    periods_worked integer NOT NULL,
    deducted numeric(12,2) NOT NULL,
    bonus numeric(12,2) NOT NULL,
    total_amount numeric(12,2) NOT NULL,
    date date NOT NULL,
    signature boolean NOT NULL,
    created_at timestamp with time zone NOT NULL,
    category_id bigint,
    employee_id bigint NOT NULL,
    created_by_id bigint,
    CONSTRAINT attendance_attendancerecord_periods_worked_check CHECK ((periods_worked >= 0))
);


ALTER TABLE public.attendance_attendancerecord OWNER TO postgres;

--
-- TOC entry 237 (class 1259 OID 25274)
-- Name: attendance_attendancerecord_id_seq; Type: SEQUENCE; Schema: public; Owner: postgres
--

ALTER TABLE public.attendance_attendancerecord ALTER COLUMN id ADD GENERATED BY DEFAULT AS IDENTITY (
    SEQUENCE NAME public.attendance_attendancerecord_id_seq
    START WITH 1
    INCREMENT BY 1
    NO MINVALUE
    NO MAXVALUE
    CACHE 1
);


--
-- TOC entry 222 (class 1259 OID 25140)
-- Name: auth_group; Type: TABLE; Schema: public; Owner: postgres
--

CREATE TABLE public.auth_group (
    id integer NOT NULL,
    name character varying(150) NOT NULL
);


ALTER TABLE public.auth_group OWNER TO postgres;

--
-- TOC entry 221 (class 1259 OID 25139)
-- Name: auth_group_id_seq; Type: SEQUENCE; Schema: public; Owner: postgres
--

ALTER TABLE public.auth_group ALTER COLUMN id ADD GENERATED BY DEFAULT AS IDENTITY (
    SEQUENCE NAME public.auth_group_id_seq
    START WITH 1
    INCREMENT BY 1
    NO MINVALUE
    NO MAXVALUE
    CACHE 1
);


--
-- TOC entry 224 (class 1259 OID 25148)
-- Name: auth_group_permissions; Type: TABLE; Schema: public; Owner: postgres
--

CREATE TABLE public.auth_group_permissions (
    id bigint NOT NULL,
    group_id integer NOT NULL,
    permission_id integer NOT NULL
);


ALTER TABLE public.auth_group_permissions OWNER TO postgres;

--
-- TOC entry 223 (class 1259 OID 25147)
-- Name: auth_group_permissions_id_seq; Type: SEQUENCE; Schema: public; Owner: postgres
--

ALTER TABLE public.auth_group_permissions ALTER COLUMN id ADD GENERATED BY DEFAULT AS IDENTITY (
    SEQUENCE NAME public.auth_group_permissions_id_seq
    START WITH 1
    INCREMENT BY 1
    NO MINVALUE
    NO MAXVALUE
    CACHE 1
);


--
-- TOC entry 220 (class 1259 OID 25134)
-- Name: auth_permission; Type: TABLE; Schema: public; Owner: postgres
--

CREATE TABLE public.auth_permission (
    id integer NOT NULL,
    name character varying(255) NOT NULL,
    content_type_id integer NOT NULL,
    codename character varying(100) NOT NULL
);


ALTER TABLE public.auth_permission OWNER TO postgres;

--
-- TOC entry 219 (class 1259 OID 25133)
-- Name: auth_permission_id_seq; Type: SEQUENCE; Schema: public; Owner: postgres
--

ALTER TABLE public.auth_permission ALTER COLUMN id ADD GENERATED BY DEFAULT AS IDENTITY (
    SEQUENCE NAME public.auth_permission_id_seq
    START WITH 1
    INCREMENT BY 1
    NO MINVALUE
    NO MAXVALUE
    CACHE 1
);


--
-- TOC entry 232 (class 1259 OID 25231)
-- Name: django_admin_log; Type: TABLE; Schema: public; Owner: postgres
--

CREATE TABLE public.django_admin_log (
    id integer NOT NULL,
    action_time timestamp with time zone NOT NULL,
    object_id text,
    object_repr character varying(200) NOT NULL,
    action_flag smallint NOT NULL,
    change_message text NOT NULL,
    content_type_id integer,
    user_id bigint NOT NULL,
    CONSTRAINT django_admin_log_action_flag_check CHECK ((action_flag >= 0))
);


ALTER TABLE public.django_admin_log OWNER TO postgres;

--
-- TOC entry 231 (class 1259 OID 25230)
-- Name: django_admin_log_id_seq; Type: SEQUENCE; Schema: public; Owner: postgres
--

ALTER TABLE public.django_admin_log ALTER COLUMN id ADD GENERATED BY DEFAULT AS IDENTITY (
    SEQUENCE NAME public.django_admin_log_id_seq
    START WITH 1
    INCREMENT BY 1
    NO MINVALUE
    NO MAXVALUE
    CACHE 1
);


--
-- TOC entry 218 (class 1259 OID 25126)
-- Name: django_content_type; Type: TABLE; Schema: public; Owner: postgres
--

CREATE TABLE public.django_content_type (
    id integer NOT NULL,
    app_label character varying(100) NOT NULL,
    model character varying(100) NOT NULL
);


ALTER TABLE public.django_content_type OWNER TO postgres;

--
-- TOC entry 217 (class 1259 OID 25125)
-- Name: django_content_type_id_seq; Type: SEQUENCE; Schema: public; Owner: postgres
--

ALTER TABLE public.django_content_type ALTER COLUMN id ADD GENERATED BY DEFAULT AS IDENTITY (
    SEQUENCE NAME public.django_content_type_id_seq
    START WITH 1
    INCREMENT BY 1
    NO MINVALUE
    NO MAXVALUE
    CACHE 1
);


--
-- TOC entry 216 (class 1259 OID 25118)
-- Name: django_migrations; Type: TABLE; Schema: public; Owner: postgres
--

CREATE TABLE public.django_migrations (
    id bigint NOT NULL,
    app character varying(255) NOT NULL,
    name character varying(255) NOT NULL,
    applied timestamp with time zone NOT NULL
);


ALTER TABLE public.django_migrations OWNER TO postgres;

--
-- TOC entry 215 (class 1259 OID 25117)
-- Name: django_migrations_id_seq; Type: SEQUENCE; Schema: public; Owner: postgres
--

ALTER TABLE public.django_migrations ALTER COLUMN id ADD GENERATED BY DEFAULT AS IDENTITY (
    SEQUENCE NAME public.django_migrations_id_seq
    START WITH 1
    INCREMENT BY 1
    NO MINVALUE
    NO MAXVALUE
    CACHE 1
);


--
-- TOC entry 245 (class 1259 OID 25345)
-- Name: django_session; Type: TABLE; Schema: public; Owner: postgres
--

CREATE TABLE public.django_session (
    session_key character varying(40) NOT NULL,
    session_data text NOT NULL,
    expire_date timestamp with time zone NOT NULL
);


ALTER TABLE public.django_session OWNER TO postgres;

--
-- TOC entry 234 (class 1259 OID 25252)
-- Name: employees_category; Type: TABLE; Schema: public; Owner: postgres
--

CREATE TABLE public.employees_category (
    id bigint NOT NULL,
    name character varying(100) NOT NULL,
    description text NOT NULL
);


ALTER TABLE public.employees_category OWNER TO postgres;

--
-- TOC entry 233 (class 1259 OID 25251)
-- Name: employees_category_id_seq; Type: SEQUENCE; Schema: public; Owner: postgres
--

ALTER TABLE public.employees_category ALTER COLUMN id ADD GENERATED BY DEFAULT AS IDENTITY (
    SEQUENCE NAME public.employees_category_id_seq
    START WITH 1
    INCREMENT BY 1
    NO MINVALUE
    NO MAXVALUE
    CACHE 1
);


--
-- TOC entry 236 (class 1259 OID 25262)
-- Name: employees_employee; Type: TABLE; Schema: public; Owner: postgres
--

CREATE TABLE public.employees_employee (
    id bigint NOT NULL,
    full_name character varying(255) NOT NULL,
    national_id character varying(50) NOT NULL,
    contact character varying(50) NOT NULL,
    is_active boolean NOT NULL,
    created_at timestamp with time zone NOT NULL,
    category_id bigint,
    created_by_id bigint,
    site_id bigint NOT NULL
);


ALTER TABLE public.employees_employee OWNER TO postgres;

--
-- TOC entry 235 (class 1259 OID 25261)
-- Name: employees_employee_id_seq; Type: SEQUENCE; Schema: public; Owner: postgres
--

ALTER TABLE public.employees_employee ALTER COLUMN id ADD GENERATED BY DEFAULT AS IDENTITY (
    SEQUENCE NAME public.employees_employee_id_seq
    START WITH 1
    INCREMENT BY 1
    NO MINVALUE
    NO MAXVALUE
    CACHE 1
);


--
-- TOC entry 242 (class 1259 OID 25314)
-- Name: notifications_notification; Type: TABLE; Schema: public; Owner: postgres
--

CREATE TABLE public.notifications_notification (
    id bigint NOT NULL,
    title character varying(255) NOT NULL,
    message text NOT NULL,
    is_read boolean NOT NULL,
    created_at timestamp with time zone NOT NULL,
    recipient_id bigint NOT NULL,
    notification_type character varying(20) NOT NULL,
    related_date date,
    related_site character varying(255) NOT NULL,
    sender_id bigint
);


ALTER TABLE public.notifications_notification OWNER TO postgres;

--
-- TOC entry 241 (class 1259 OID 25313)
-- Name: notifications_notification_id_seq; Type: SEQUENCE; Schema: public; Owner: postgres
--

ALTER TABLE public.notifications_notification ALTER COLUMN id ADD GENERATED BY DEFAULT AS IDENTITY (
    SEQUENCE NAME public.notifications_notification_id_seq
    START WITH 1
    INCREMENT BY 1
    NO MINVALUE
    NO MAXVALUE
    CACHE 1
);


--
-- TOC entry 244 (class 1259 OID 25328)
-- Name: payroll_payrollrecord; Type: TABLE; Schema: public; Owner: postgres
--

CREATE TABLE public.payroll_payrollrecord (
    id bigint NOT NULL,
    amount numeric(12,2) NOT NULL,
    date date NOT NULL,
    deducted numeric(12,2) NOT NULL,
    bonus numeric(12,2) NOT NULL,
    total_paid numeric(12,2) NOT NULL,
    contact character varying(50) NOT NULL,
    signature boolean NOT NULL,
    payment_status character varying(20) NOT NULL,
    created_at timestamp with time zone NOT NULL,
    category_id bigint,
    employee_id bigint NOT NULL
);


ALTER TABLE public.payroll_payrollrecord OWNER TO postgres;

--
-- TOC entry 243 (class 1259 OID 25327)
-- Name: payroll_payrollrecord_id_seq; Type: SEQUENCE; Schema: public; Owner: postgres
--

ALTER TABLE public.payroll_payrollrecord ALTER COLUMN id ADD GENERATED BY DEFAULT AS IDENTITY (
    SEQUENCE NAME public.payroll_payrollrecord_id_seq
    START WITH 1
    INCREMENT BY 1
    NO MINVALUE
    NO MAXVALUE
    CACHE 1
);


--
-- TOC entry 240 (class 1259 OID 25294)
-- Name: sites_constructionsite; Type: TABLE; Schema: public; Owner: postgres
--

CREATE TABLE public.sites_constructionsite (
    id bigint NOT NULL,
    name character varying(255) NOT NULL,
    location character varying(255) NOT NULL,
    description text NOT NULL,
    is_active boolean NOT NULL,
    created_at timestamp with time zone NOT NULL,
    chief_engineer_id bigint
);


ALTER TABLE public.sites_constructionsite OWNER TO postgres;

--
-- TOC entry 239 (class 1259 OID 25293)
-- Name: sites_constructionsite_id_seq; Type: SEQUENCE; Schema: public; Owner: postgres
--

ALTER TABLE public.sites_constructionsite ALTER COLUMN id ADD GENERATED BY DEFAULT AS IDENTITY (
    SEQUENCE NAME public.sites_constructionsite_id_seq
    START WITH 1
    INCREMENT BY 1
    NO MINVALUE
    NO MAXVALUE
    CACHE 1
);


--
-- TOC entry 247 (class 1259 OID 25360)
-- Name: sites_constructionsite_site_engineers; Type: TABLE; Schema: public; Owner: postgres
--

CREATE TABLE public.sites_constructionsite_site_engineers (
    id bigint NOT NULL,
    constructionsite_id bigint NOT NULL,
    user_id bigint NOT NULL
);


ALTER TABLE public.sites_constructionsite_site_engineers OWNER TO postgres;

--
-- TOC entry 246 (class 1259 OID 25359)
-- Name: sites_constructionsite_site_engineers_id_seq; Type: SEQUENCE; Schema: public; Owner: postgres
--

ALTER TABLE public.sites_constructionsite_site_engineers ALTER COLUMN id ADD GENERATED BY DEFAULT AS IDENTITY (
    SEQUENCE NAME public.sites_constructionsite_site_engineers_id_seq
    START WITH 1
    INCREMENT BY 1
    NO MINVALUE
    NO MAXVALUE
    CACHE 1
);


--
-- TOC entry 226 (class 1259 OID 25180)
-- Name: users_user; Type: TABLE; Schema: public; Owner: postgres
--

CREATE TABLE public.users_user (
    id bigint NOT NULL,
    password character varying(128) NOT NULL,
    last_login timestamp with time zone,
    is_superuser boolean NOT NULL,
    username character varying(150) NOT NULL,
    first_name character varying(150) NOT NULL,
    last_name character varying(150) NOT NULL,
    email character varying(254) NOT NULL,
    is_staff boolean NOT NULL,
    is_active boolean NOT NULL,
    date_joined timestamp with time zone NOT NULL,
    role character varying(32) NOT NULL,
    phone character varying(32) NOT NULL,
    national_id character varying(32) NOT NULL,
    avatar character varying(100)
);


ALTER TABLE public.users_user OWNER TO postgres;

--
-- TOC entry 228 (class 1259 OID 25190)
-- Name: users_user_groups; Type: TABLE; Schema: public; Owner: postgres
--

CREATE TABLE public.users_user_groups (
    id bigint NOT NULL,
    user_id bigint NOT NULL,
    group_id integer NOT NULL
);


ALTER TABLE public.users_user_groups OWNER TO postgres;

--
-- TOC entry 227 (class 1259 OID 25189)
-- Name: users_user_groups_id_seq; Type: SEQUENCE; Schema: public; Owner: postgres
--

ALTER TABLE public.users_user_groups ALTER COLUMN id ADD GENERATED BY DEFAULT AS IDENTITY (
    SEQUENCE NAME public.users_user_groups_id_seq
    START WITH 1
    INCREMENT BY 1
    NO MINVALUE
    NO MAXVALUE
    CACHE 1
);


--
-- TOC entry 225 (class 1259 OID 25179)
-- Name: users_user_id_seq; Type: SEQUENCE; Schema: public; Owner: postgres
--

ALTER TABLE public.users_user ALTER COLUMN id ADD GENERATED BY DEFAULT AS IDENTITY (
    SEQUENCE NAME public.users_user_id_seq
    START WITH 1
    INCREMENT BY 1
    NO MINVALUE
    NO MAXVALUE
    CACHE 1
);


--
-- TOC entry 230 (class 1259 OID 25196)
-- Name: users_user_user_permissions; Type: TABLE; Schema: public; Owner: postgres
--

CREATE TABLE public.users_user_user_permissions (
    id bigint NOT NULL,
    user_id bigint NOT NULL,
    permission_id integer NOT NULL
);


ALTER TABLE public.users_user_user_permissions OWNER TO postgres;

--
-- TOC entry 229 (class 1259 OID 25195)
-- Name: users_user_user_permissions_id_seq; Type: SEQUENCE; Schema: public; Owner: postgres
--

ALTER TABLE public.users_user_user_permissions ALTER COLUMN id ADD GENERATED BY DEFAULT AS IDENTITY (
    SEQUENCE NAME public.users_user_user_permissions_id_seq
    START WITH 1
    INCREMENT BY 1
    NO MINVALUE
    NO MAXVALUE
    CACHE 1
);


--
-- TOC entry 5083 (class 0 OID 25275)
-- Dependencies: 238
-- Data for Name: attendance_attendancerecord; Type: TABLE DATA; Schema: public; Owner: postgres
--

COPY public.attendance_attendancerecord (id, amount, period_type, periods_worked, deducted, bonus, total_amount, date, signature, created_at, category_id, employee_id, created_by_id) FROM stdin;
119	5000.00	DAILY	1	0.00	0.00	5000.00	2025-08-22	t	2025-08-22 07:59:50.209901-07	2	58	\N
120	5000.00	DAILY	1	0.00	0.00	5000.00	2025-08-22	t	2025-08-22 08:01:51.211722-07	2	59	\N
121	5000.00	DAILY	1	0.00	0.00	5000.00	2025-08-22	t	2025-08-22 08:02:53.395667-07	2	47	\N
122	12000.00	DAILY	1	0.00	0.00	12000.00	2025-08-22	t	2025-08-22 08:03:54.849256-07	4	61	\N
123	10000.00	DAILY	1	0.00	0.00	10000.00	2025-08-22	t	2025-08-22 08:04:38.363185-07	4	62	\N
124	10000.00	DAILY	1	0.00	0.00	10000.00	2025-08-22	t	2025-08-22 08:06:16.407-07	4	63	\N
48	10000.00	DAILY	1	0.00	0.00	10000.00	2025-08-21	t	2025-08-21 00:20:06.708175-07	37	46	\N
50	10000.00	DAILY	1	0.00	0.00	10000.00	2025-08-21	t	2025-08-21 01:44:29.562707-07	3	48	\N
49	5000.00	DAILY	1	0.00	0.00	5000.00	2025-08-21	t	2025-08-21 00:28:55.615074-07	2	47	\N
51	10000.00	DAILY	1	0.00	0.00	10000.00	2025-08-21	t	2025-08-21 01:48:35.596416-07	3	49	\N
52	10000.00	DAILY	1	0.00	0.00	10000.00	2025-08-21	t	2025-08-21 01:51:34.472773-07	3	50	\N
125	10000.00	DAILY	1	0.00	0.00	10000.00	2025-08-22	t	2025-08-22 08:11:20.971036-07	4	64	\N
54	10000.00	DAILY	1	0.00	0.00	10000.00	2025-08-21	t	2025-08-21 01:55:40.064609-07	3	52	\N
53	10000.00	DAILY	1	0.00	0.00	10000.00	2025-08-21	t	2025-08-21 01:53:06.348994-07	3	51	\N
55	12000.00	DAILY	1	0.00	0.00	12000.00	2025-08-21	t	2025-08-21 01:59:36.786648-07	3	53	\N
56	5000.00	DAILY	1	0.00	0.00	5000.00	2025-08-21	t	2025-08-21 02:02:32.972206-07	2	54	\N
58	5000.00	DAILY	1	0.00	0.00	5000.00	2025-08-21	t	2025-08-21 02:05:59.707966-07	2	56	\N
57	5000.00	DAILY	1	0.00	0.00	5000.00	2025-08-21	t	2025-08-21 02:04:30.265056-07	2	55	\N
59	5000.00	DAILY	1	0.00	0.00	5000.00	2025-08-21	t	2025-08-21 02:09:26.019439-07	2	57	\N
60	5000.00	DAILY	1	0.00	0.00	5000.00	2025-08-21	t	2025-08-21 02:11:19.879275-07	2	58	\N
61	5000.00	DAILY	1	0.00	0.00	5000.00	2025-08-21	t	2025-08-21 02:13:30.547524-07	2	59	\N
62	5000.00	DAILY	1	0.00	0.00	5000.00	2025-08-21	t	2025-08-21 02:15:07.504782-07	2	60	\N
63	12000.00	DAILY	1	0.00	0.00	12000.00	2025-08-21	t	2025-08-21 02:17:30.981345-07	4	61	\N
64	10000.00	DAILY	1	0.00	0.00	10000.00	2025-08-21	t	2025-08-21 02:19:08.068556-07	4	62	\N
65	10000.00	DAILY	1	0.00	0.00	10000.00	2025-08-21	t	2025-08-21 02:20:54.733809-07	4	63	\N
66	10000.00	DAILY	1	0.00	0.00	10000.00	2025-08-21	t	2025-08-21 02:22:29.495663-07	4	64	\N
67	10000.00	DAILY	1	0.00	0.00	10000.00	2025-08-21	t	2025-08-21 02:23:33.78533-07	4	65	\N
68	10000.00	DAILY	1	0.00	0.00	10000.00	2025-08-21	t	2025-08-21 02:28:36.672027-07	4	66	\N
69	10000.00	DAILY	1	0.00	0.00	10000.00	2025-08-21	t	2025-08-21 02:31:03.208146-07	4	67	\N
70	10000.00	DAILY	1	0.00	0.00	10000.00	2025-08-21	t	2025-08-21 02:33:15.258263-07	4	68	\N
71	12000.00	DAILY	1	0.00	0.00	12000.00	2025-08-19	t	2025-08-21 07:36:52.931401-07	4	61	\N
105	10000.00	DAILY	1	0.00	0.00	10000.00	2025-08-22	t	2025-08-22 07:41:21.163619-07	3	48	\N
106	10000.00	DAILY	1	0.00	0.00	10000.00	2025-08-22	t	2025-08-22 07:42:00.409529-07	3	49	\N
107	10000.00	DAILY	1	0.00	0.00	10000.00	2025-08-22	t	2025-08-22 07:42:52.532158-07	3	50	\N
108	10000.00	DAILY	1	0.00	0.00	10000.00	2025-08-22	t	2025-08-22 07:43:50.949912-07	3	51	\N
109	10000.00	DAILY	1	0.00	0.00	10000.00	2025-08-22	t	2025-08-22 07:44:48.149208-07	3	52	\N
110	12000.00	DAILY	1	0.00	0.00	12000.00	2025-08-22	t	2025-08-22 07:45:19.386164-07	3	53	\N
111	10000.00	DAILY	1	0.00	0.00	10000.00	2025-08-22	t	2025-08-22 07:49:06.835962-07	3	69	\N
112	10000.00	DAILY	1	0.00	0.00	10000.00	2025-08-22	t	2025-08-22 07:50:51.669255-07	3	70	\N
113	10000.00	DAILY	1	0.00	0.00	10000.00	2025-08-22	t	2025-08-22 07:53:04.451748-07	3	71	\N
114	10000.00	DAILY	1	0.00	0.00	10000.00	2025-08-22	t	2025-08-22 07:55:17.283382-07	3	72	\N
115	10000.00	DAILY	1	0.00	0.00	10000.00	2025-08-22	t	2025-08-22 07:56:38.375406-07	3	73	\N
116	5000.00	DAILY	1	0.00	0.00	5000.00	2025-08-22	t	2025-08-22 07:57:36.394607-07	2	54	\N
117	5000.00	DAILY	1	0.00	0.00	5000.00	2025-08-22	t	2025-08-22 07:58:10.024377-07	2	56	\N
118	5000.00	DAILY	1	0.00	0.00	5000.00	2025-08-22	t	2025-08-22 07:59:09.359279-07	2	57	\N
126	10000.00	DAILY	1	0.00	0.00	10000.00	2025-08-22	t	2025-08-22 08:13:38.236683-07	4	65	\N
127	10000.00	DAILY	1	0.00	0.00	10000.00	2025-08-22	t	2025-08-22 08:17:14.806464-07	4	66	\N
128	10000.00	DAILY	1	0.00	0.00	10000.00	2025-08-22	t	2025-08-22 08:17:55.722675-07	4	67	\N
129	5000.00	DAILY	1	0.00	0.00	5000.00	2025-08-23	t	2025-08-23 05:31:44.390644-07	2	47	\N
130	5000.00	DAILY	1	0.00	0.00	5000.00	2025-08-23	t	2025-08-23 05:32:13.919638-07	2	56	\N
131	5000.00	DAILY	1	0.00	0.00	5000.00	2025-08-23	t	2025-08-23 05:33:02.287285-07	2	58	\N
132	5000.00	DAILY	1	0.00	0.00	5000.00	2025-08-23	t	2025-08-23 05:33:48.104846-07	2	59	\N
133	5000.00	DAILY	1	0.00	0.00	5000.00	2025-08-23	t	2025-08-23 05:34:58.205165-07	2	54	\N
134	10000.00	DAILY	1	0.00	0.00	10000.00	2025-08-23	t	2025-08-23 05:35:56.773444-07	3	50	\N
135	10000.00	DAILY	1	0.00	0.00	10000.00	2025-08-23	t	2025-08-23 05:36:53.265137-07	3	51	\N
136	10000.00	DAILY	1	0.00	0.00	10000.00	2025-08-23	t	2025-08-23 05:37:16.757282-07	3	52	\N
138	10000.00	DAILY	1	0.00	0.00	10000.00	2025-08-23	t	2025-08-23 05:38:17.606819-07	3	72	\N
139	10000.00	DAILY	1	0.00	0.00	10000.00	2025-08-23	t	2025-08-23 05:38:38.22485-07	3	49	\N
140	10000.00	DAILY	1	0.00	0.00	10000.00	2025-08-23	t	2025-08-23 05:41:31.646761-07	3	71	\N
137	12000.00	DAILY	1	0.00	0.00	12000.00	2025-08-23	t	2025-08-23 05:37:39.107373-07	3	53	\N
104	10000.00	DAILY	1	0.00	0.00	10000.00	2025-08-22	t	2025-08-22 07:40:01.512644-07	4	46	\N
141	10000.00	DAILY	1	0.00	0.00	10000.00	2025-08-23	t	2025-08-23 05:58:24.919973-07	4	74	\N
142	12000.00	DAILY	1	0.00	0.00	12000.00	2025-08-23	t	2025-08-23 05:59:02.988384-07	4	61	\N
143	10000.00	DAILY	1	0.00	0.00	10000.00	2025-08-23	t	2025-08-23 06:00:50.315374-07	4	64	\N
144	10000.00	DAILY	1	0.00	0.00	10000.00	2025-08-23	t	2025-08-23 06:01:57.657064-07	4	62	\N
145	10000.00	DAILY	1	0.00	0.00	10000.00	2025-08-23	t	2025-08-23 06:06:05.771791-07	4	67	\N
146	10000.00	DAILY	1	0.00	0.00	10000.00	2025-08-23	t	2025-08-23 06:07:32.222544-07	4	75	\N
148	10000.00	DAILY	1	0.00	0.00	10000.00	2025-08-22	t	2025-08-23 06:11:41.462079-07	4	74	\N
180	10000.00	DAILY	1	0.00	0.00	10000.00	2025-08-23	t	2025-08-23 07:43:08.914539-07	37	46	\N
181	10000.00	DAILY	1	0.00	0.00	10000.00	2025-08-24	t	2025-08-24 05:16:28.451297-07	3	48	11
182	10000.00	DAILY	1	0.00	0.00	10000.00	2025-08-24	t	2025-08-24 05:16:43.781252-07	3	49	11
183	10000.00	DAILY	1	0.00	0.00	10000.00	2025-08-24	t	2025-08-24 05:17:07.995491-07	3	70	11
184	10000.00	DAILY	1	0.00	0.00	10000.00	2025-08-24	t	2025-08-24 05:17:26.777924-07	3	71	11
185	10000.00	DAILY	1	0.00	0.00	10000.00	2025-08-24	t	2025-08-24 05:18:45.741563-07	3	76	11
186	12000.00	DAILY	1	0.00	0.00	12000.00	2025-08-24	t	2025-08-24 05:19:12.013466-07	4	61	11
187	10000.00	DAILY	1	0.00	0.00	10000.00	2025-08-24	t	2025-08-24 05:19:40.030264-07	4	62	11
188	10000.00	DAILY	1	0.00	0.00	10000.00	2025-08-24	t	2025-08-24 05:20:18.77978-07	4	64	11
189	10000.00	DAILY	1	0.00	0.00	10000.00	2025-08-24	t	2025-08-24 05:21:04.781354-07	4	67	11
190	10000.00	DAILY	1	0.00	0.00	10000.00	2025-08-24	t	2025-08-24 05:21:30.097684-07	4	74	11
191	10000.00	DAILY	1	0.00	0.00	10000.00	2025-08-24	t	2025-08-24 05:21:51.698187-07	4	75	11
192	10000.00	DAILY	1	0.00	0.00	10000.00	2025-08-24	t	2025-08-24 05:22:57.608329-07	4	77	11
193	12000.00	DAILY	1	0.00	0.00	12000.00	2025-08-24	t	2025-08-24 05:24:20.36398-07	3	53	11
194	5000.00	DAILY	1	0.00	0.00	5000.00	2025-08-24	t	2025-08-24 05:24:54.650274-07	2	57	11
195	5000.00	DAILY	1	0.00	0.00	5000.00	2025-08-24	t	2025-08-24 05:25:35.218019-07	2	56	11
196	5000.00	DAILY	1	0.00	0.00	5000.00	2025-08-24	t	2025-08-24 05:25:55.367521-07	2	58	11
197	5000.00	DAILY	1	0.00	0.00	5000.00	2025-08-24	t	2025-08-24 05:26:15.401682-07	2	59	11
198	10000.00	DAILY	1	0.00	0.00	10000.00	2025-08-24	t	2025-08-24 05:27:39.902145-07	37	46	11
\.


--
-- TOC entry 5067 (class 0 OID 25140)
-- Dependencies: 222
-- Data for Name: auth_group; Type: TABLE DATA; Schema: public; Owner: postgres
--

COPY public.auth_group (id, name) FROM stdin;
\.


--
-- TOC entry 5069 (class 0 OID 25148)
-- Dependencies: 224
-- Data for Name: auth_group_permissions; Type: TABLE DATA; Schema: public; Owner: postgres
--

COPY public.auth_group_permissions (id, group_id, permission_id) FROM stdin;
\.


--
-- TOC entry 5065 (class 0 OID 25134)
-- Dependencies: 220
-- Data for Name: auth_permission; Type: TABLE DATA; Schema: public; Owner: postgres
--

COPY public.auth_permission (id, name, content_type_id, codename) FROM stdin;
1	Can add log entry	1	add_logentry
2	Can change log entry	1	change_logentry
3	Can delete log entry	1	delete_logentry
4	Can view log entry	1	view_logentry
5	Can add permission	2	add_permission
6	Can change permission	2	change_permission
7	Can delete permission	2	delete_permission
8	Can view permission	2	view_permission
9	Can add group	3	add_group
10	Can change group	3	change_group
11	Can delete group	3	delete_group
12	Can view group	3	view_group
13	Can add content type	4	add_contenttype
14	Can change content type	4	change_contenttype
15	Can delete content type	4	delete_contenttype
16	Can view content type	4	view_contenttype
17	Can add session	5	add_session
18	Can change session	5	change_session
19	Can delete session	5	delete_session
20	Can view session	5	view_session
21	Can add attendance record	6	add_attendancerecord
22	Can change attendance record	6	change_attendancerecord
23	Can delete attendance record	6	delete_attendancerecord
24	Can view attendance record	6	view_attendancerecord
25	Can add category	7	add_category
26	Can change category	7	change_category
27	Can delete category	7	delete_category
28	Can view category	7	view_category
29	Can add employee	8	add_employee
30	Can change employee	8	change_employee
31	Can delete employee	8	delete_employee
32	Can view employee	8	view_employee
33	Can add notification	9	add_notification
34	Can change notification	9	change_notification
35	Can delete notification	9	delete_notification
36	Can view notification	9	view_notification
37	Can add payroll record	10	add_payrollrecord
38	Can change payroll record	10	change_payrollrecord
39	Can delete payroll record	10	delete_payrollrecord
40	Can view payroll record	10	view_payrollrecord
41	Can add construction site	11	add_constructionsite
42	Can change construction site	11	change_constructionsite
43	Can delete construction site	11	delete_constructionsite
44	Can view construction site	11	view_constructionsite
45	Can add user	12	add_user
46	Can change user	12	change_user
47	Can delete user	12	delete_user
48	Can view user	12	view_user
49	Can add period report	13	add_periodreport
50	Can change period report	13	change_periodreport
51	Can delete period report	13	delete_periodreport
52	Can view period report	13	view_periodreport
53	Can add attendance batch	14	add_attendancebatch
54	Can change attendance batch	14	change_attendancebatch
55	Can delete attendance batch	14	delete_attendancebatch
56	Can view attendance batch	14	view_attendancebatch
57	Can add payroll batch	15	add_payrollbatch
58	Can change payroll batch	15	change_payrollbatch
59	Can delete payroll batch	15	delete_payrollbatch
60	Can view payroll batch	15	view_payrollbatch
61	Can add attendance submission	16	add_attendancesubmission
62	Can change attendance submission	16	change_attendancesubmission
63	Can delete attendance submission	16	delete_attendancesubmission
64	Can view attendance submission	16	view_attendancesubmission
65	Can add payroll submission	17	add_payrollsubmission
66	Can change payroll submission	17	change_payrollsubmission
67	Can delete payroll submission	17	delete_payrollsubmission
68	Can view payroll submission	17	view_payrollsubmission
69	Can add list submission	18	add_listsubmission
70	Can change list submission	18	change_listsubmission
71	Can delete list submission	18	delete_listsubmission
72	Can view list submission	18	view_listsubmission
73	Can add list response	19	add_listresponse
74	Can change list response	19	change_listresponse
75	Can delete list response	19	delete_listresponse
76	Can view list response	19	view_listresponse
\.


--
-- TOC entry 5077 (class 0 OID 25231)
-- Dependencies: 232
-- Data for Name: django_admin_log; Type: TABLE DATA; Schema: public; Owner: postgres
--

COPY public.django_admin_log (id, action_time, object_id, object_repr, action_flag, change_message, content_type_id, user_id) FROM stdin;
\.


--
-- TOC entry 5063 (class 0 OID 25126)
-- Dependencies: 218
-- Data for Name: django_content_type; Type: TABLE DATA; Schema: public; Owner: postgres
--

COPY public.django_content_type (id, app_label, model) FROM stdin;
1	admin	logentry
2	auth	permission
3	auth	group
4	contenttypes	contenttype
5	sessions	session
6	attendance	attendancerecord
7	employees	category
8	employees	employee
9	notifications	notification
10	payroll	payrollrecord
11	sites	constructionsite
12	users	user
13	notifications	periodreport
14	attendance	attendancebatch
15	payroll	payrollbatch
16	notifications	attendancesubmission
17	notifications	payrollsubmission
18	notifications	listsubmission
19	notifications	listresponse
\.


--
-- TOC entry 5061 (class 0 OID 25118)
-- Dependencies: 216
-- Data for Name: django_migrations; Type: TABLE DATA; Schema: public; Owner: postgres
--

COPY public.django_migrations (id, app, name, applied) FROM stdin;
1	contenttypes	0001_initial	2025-08-12 04:41:52.520561-07
2	contenttypes	0002_remove_content_type_name	2025-08-12 04:41:52.526238-07
3	auth	0001_initial	2025-08-12 04:41:52.59017-07
4	auth	0002_alter_permission_name_max_length	2025-08-12 04:41:52.611495-07
5	auth	0003_alter_user_email_max_length	2025-08-12 04:41:52.615497-07
6	auth	0004_alter_user_username_opts	2025-08-12 04:41:52.61927-07
7	auth	0005_alter_user_last_login_null	2025-08-12 04:41:52.624463-07
8	auth	0006_require_contenttypes_0002	2025-08-12 04:41:52.628893-07
9	auth	0007_alter_validators_add_error_messages	2025-08-12 04:41:52.632347-07
10	auth	0008_alter_user_username_max_length	2025-08-12 04:41:52.636509-07
11	auth	0009_alter_user_last_name_max_length	2025-08-12 04:41:52.642069-07
12	auth	0010_alter_group_name_max_length	2025-08-12 04:41:52.65078-07
13	auth	0011_update_proxy_permissions	2025-08-12 04:41:52.653781-07
14	auth	0012_alter_user_first_name_max_length	2025-08-12 04:41:52.665379-07
15	users	0001_initial	2025-08-12 04:41:52.740649-07
16	admin	0001_initial	2025-08-12 04:41:52.76616-07
17	admin	0002_logentry_remove_auto_add	2025-08-12 04:41:52.780785-07
18	admin	0003_logentry_add_action_flag_choices	2025-08-12 04:41:52.784155-07
19	employees	0001_initial	2025-08-12 04:41:52.826263-07
20	attendance	0001_initial	2025-08-12 04:41:52.830714-07
21	attendance	0002_initial	2025-08-12 04:41:52.858448-07
22	sites	0001_initial	2025-08-12 04:41:52.865842-07
23	employees	0002_initial	2025-08-12 04:41:52.900416-07
24	notifications	0001_initial	2025-08-12 04:41:52.912198-07
25	notifications	0002_initial	2025-08-12 04:41:52.943071-07
26	payroll	0001_initial	2025-08-12 04:41:52.975022-07
27	sessions	0001_initial	2025-08-12 04:41:52.996855-07
28	sites	0002_initial	2025-08-12 04:41:53.041431-07
29	users	0002_create_default_admin	2025-08-12 04:41:53.604681-07
30	users	0003_seed_system_admin	2025-08-12 04:41:54.171477-07
31	attendance	0003_alter_attendancerecord_options	2025-08-14 15:57:54.6-07
32	notifications	0003_notification_notification_type_notification_sender_and_more	2025-08-14 15:57:54.786733-07
33	users	0004_remove_user_avatar	2025-08-14 15:57:54.808412-07
34	notifications	0004_remove_notification_notification_type_and_more	2025-08-14 23:19:58.592594-07
35	users	0005_user_avatar	2025-08-14 23:19:58.684098-07
36	users	0006_remove_user_avatar	2025-08-16 00:47:40.107864-07
37	users	0007_user_avatar	2025-08-16 01:59:54.584844-07
38	attendance	0004_attendancebatch_attendancerecord_batch	2025-08-16 06:33:25.034303-07
39	employees	0003_category_daily_rate	2025-08-16 06:33:25.051344-07
40	notifications	0005_alter_notification_options_notification_batch_id_and_more	2025-08-16 06:33:25.144816-07
41	payroll	0002_payrollrecord_attendance_data_used_and_more	2025-08-16 06:33:25.324621-07
42	attendance	0005_remove_attendancerecord_batch_delete_attendancebatch	2025-08-16 07:35:09.882216-07
43	employees	0004_remove_category_daily_rate	2025-08-16 07:35:09.952959-07
44	notifications	0006_remove_notification_batch_id_and_more	2025-08-16 07:35:10.389604-07
45	payroll	0003_alter_payrollbatch_options_and_more	2025-08-16 07:35:10.839296-07
46	notifications	0007_alter_notification_sender	2025-08-16 07:37:32.564455-07
47	payroll	0004_alter_payrollrecord_options_and_more	2025-08-16 07:54:21.667225-07
48	payroll	0005_alter_payrollrecord_options_and_more	2025-08-16 08:05:20.940201-07
49	notifications	0008_remove_payrollsubmission_chief_engineer_and_more	2025-08-16 08:32:51.035414-07
50	notifications	0009_remove_listsubmission_notes_and_more	2025-08-16 08:56:01.567621-07
51	notifications	0010_delete_listsubmission	2025-08-16 09:11:28.897766-07
52	payroll	0006_remove_payrollrecord_period_type_and_more	2025-08-16 09:11:28.959999-07
53	notifications	0011_notification_notification_type_and_more	2025-08-23 06:42:05.309718-07
54	attendance	0006_attendancerecord_created_by	2025-08-24 01:20:11.37436-07
\.


--
-- TOC entry 5090 (class 0 OID 25345)
-- Dependencies: 245
-- Data for Name: django_session; Type: TABLE DATA; Schema: public; Owner: postgres
--

COPY public.django_session (session_key, session_data, expire_date) FROM stdin;
qmfkl4f2fhfxr8dy871i1y5gp4nrbq5p	.eJxVjMsOgjAQRf-la9PMpKUMLt37Dc08iqAGEgor478rCQvd3nPOfbnM2zrkrZYlj-bOLrjT7yasjzLtwO483Wav87Quo_hd8Qet_jpbeV4O9-9g4Dp8a7ZInTRQwAAgJTTGXqRPCEmJSQhKgC523GiLRqhRooZEgtqGgO79AeIHN4g:1uokU7:s19KO8fKT1rtxNSdwCqJnKPk213awuCs1tmUglQzcxQ	2025-09-03 08:12:19.880955-07
2jslqbalpfn6na5ew8zeqiyfsg06r333	.eJxVjEEOwiAQAP_C2RBYKIJH730DWZZVqgaS0p6MfzckPeh1ZjJvEXHfStw7r3HJ4iK0FqdfmJCeXIfJD6z3JqnVbV2SHIk8bJdzy_y6Hu3foGAv4-vAIFhw7oyaPamAxtFkAazXyQEqILBsvGXtswqTCpoRDTmVkW9efL7Ojjcn:1uozrO:c9xSoNBCSuQocrhk5u58Cp22tzWQCWgs4LfYDC6mJsY	2025-09-04 00:37:22.652272-07
k7hxbvgtweld672wqjyxpd43fp1uh0i2	.eJxVjDsOwjAQBe_iGln-fyjpOYNl765xADlSnFSIu0OkFNC-mXkvlvK2trQNWtKE7Mw0O_1uJcOD-g7wnvtt5jD3dZkK3xV-0MGvM9Lzcrh_By2P9q1DhBBV8GSNdOCswkqxBgJvwbqitZVBSIlZmSIimuJ0Fai9itpLp4i9P8sYNvo:1uq5Mt:cog0sm_E1OFJbr8Trz5lD7T8ADHFAJQlCdrz6V_wq54	2025-09-07 00:42:23.619252-07
pq3vacjjbyvwfd66ihrmpxbtr7bnfy2x	.eJxVjEEOwiAQAP_C2RBYKIJH730DWZZVqgaS0p6MfzckPeh1ZjJvEXHfStw7r3HJ4iK0FqdfmJCeXIfJD6z3JqnVbV2SHIk8bJdzy_y6Hu3foGAv4-vAIFhw7oyaPamAxtFkAazXyQEqILBsvGXtswqTCpoRDTmVkW9efL7Ojjcn:1urE0B:gNrdXSWdVZyvvwmiiUq1ACon4lF-XNbIQJs03nfWE5E	2025-09-10 04:07:39.597281-07
\.


--
-- TOC entry 5079 (class 0 OID 25252)
-- Dependencies: 234
-- Data for Name: employees_category; Type: TABLE DATA; Schema: public; Owner: postgres
--

COPY public.employees_category (id, name, description) FROM stdin;
1	Abafundi	
2	Abayedi	
3	Abasharipansinye	Bamwe basakara amazu
4	Abafurayeri	bamwe bazinga ibyuma
37	Gapita	Ureberera abakozi kuri site
\.


--
-- TOC entry 5081 (class 0 OID 25262)
-- Dependencies: 236
-- Data for Name: employees_employee; Type: TABLE DATA; Schema: public; Owner: postgres
--

COPY public.employees_employee (id, full_name, national_id, contact, is_active, created_at, category_id, created_by_id, site_id) FROM stdin;
46	Numuvandimwe Remy Patience	1199680249586257	+250789923390	t	2025-08-21 00:20:06.691098-07	37	11	9
48	Turikumana Vicent	1200280132166021	+250780253743	t	2025-08-21 01:44:29.543676-07	3	11	9
47	Hagenimana Eddie Fiacre	-	+250796483411	t	2025-08-21 00:28:55.605491-07	2	11	9
49	Imaniragena Daniel	1200380111241022	+250787470671	t	2025-08-21 01:48:35.59312-07	3	11	9
50	Hagenimana Emmable	1199380183755145	+250786086073	t	2025-08-21 01:51:34.464862-07	3	11	9
51	Harerimana Thatien	-	+250781852523	t	2025-08-21 01:53:06.314955-07	3	11	9
52	Mugisha Jean Claude	1200580089421079	+250790373903	t	2025-08-21 01:55:40.050996-07	3	11	9
53	Mfitumukiza Etienne	1198780189947047	+250798737991	t	2025-08-21 01:59:36.786648-07	3	11	9
54	Nizeyimana Emmanuel	-	+25078480511	t	2025-08-21 02:02:32.96-07	2	11	9
56	Nayituriki	-	+250796279293	t	2025-08-21 02:05:59.700982-07	2	11	9
55	Dushimumukiza Emmanuel	1200480170630054	+250798932237	t	2025-08-21 02:04:30.223504-07	2	11	9
57	Niyogisubizo Jean Claude	-	+250790906458	t	2025-08-21 02:09:26.009561-07	2	11	9
59	Habimana Alexandre	1198980011140239	+250780435254	t	2025-08-21 02:13:30.529355-07	2	11	9
60	Ndayishimiye Meshake	-	+250793090422	t	2025-08-21 02:15:07.49697-07	2	11	9
61	Habimana David	118780008608005	+250788666552	t	2025-08-21 02:17:30.965153-07	4	11	9
62	Ishimwe Diedone	1200380059200075	+250792094450	t	2025-08-21 02:19:08.057717-07	4	11	9
66	Niyonsenga Patrice	1199280168038094	+250787023587	t	2025-08-21 02:28:36.655059-07	4	11	9
67	Nshimiyimana Jean Paul	1199280142613181	+250785760287	t	2025-08-21 02:31:03.198162-07	4	11	9
68	Uwimana Elie	1199380186036103	+250788498372	t	2025-08-21 02:33:15.241459-07	4	11	9
69	Manishimwe Frolent	1199980159716036	+250780519883	t	2025-08-22 07:49:06.8194-07	3	11	9
70	Niyibizi Anteri	1200080166186040	+250781395669	t	2025-08-22 07:50:51.655578-07	3	11	9
71	Kayiranga Ezekiel	1200380107881057	+250785882705	t	2025-08-22 07:53:04.443536-07	3	11	9
72	Nsabumugisha Ennock	1200480052793038	+250790019427	t	2025-08-22 07:55:17.249419-07	3	11	9
73	Habimana Jean Damour	-	+250780706499	t	2025-08-22 07:56:38.340906-07	3	11	9
58	Niyonshuti Thierry	1200380109118097	+250795033104	t	2025-08-21 02:11:19.869279-07	2	11	9
63	Havugimana Fabrice	1200580244137092	+250795047360	t	2025-08-21 02:20:54.725328-07	4	11	9
65	Kagiraneza Jean Btiste	1197980008341161	+250782511512	t	2025-08-21 02:23:33.779626-07	4	11	9
74	Mwerekande Denis	1198080050930010	+250782169551	t	2025-08-23 05:58:24.904177-07	4	11	9
64	Nizigiyimana Jean Claude	119868020288722	+250781600469	t	2025-08-21 02:22:29.48436-07	4	11	9
75	Mutayomba Cedrick	1200180040116191	+250786856371	t	2025-08-23 06:07:32.216214-07	4	11	9
76	Niyogushimwa Valenci	1199980019131168	+250796118732	t	2025-08-24 05:18:45.678771-07	3	11	9
77	Ndayishimiye Evariste	-	+250786517089	t	2025-08-24 05:22:57.603218-07	4	11	9
\.


--
-- TOC entry 5087 (class 0 OID 25314)
-- Dependencies: 242
-- Data for Name: notifications_notification; Type: TABLE DATA; Schema: public; Owner: postgres
--

COPY public.notifications_notification (id, title, message, is_read, created_at, recipient_id, notification_type, related_date, related_site, sender_id) FROM stdin;
1	New Attendance Record	Nsanzimana Innocent - DAILY x3 recorded.	t	2025-08-19 13:46:32.538142-07	3	GENERAL	\N		\N
2	New Payroll Record	Payroll prepared for Nsanzimana Innocent on 2025-08-19.	t	2025-08-19 13:47:17.733333-07	3	GENERAL	\N		\N
34	New Attendance Record	NTWALI  - DAILY x1 recorded.	t	2025-08-20 01:24:54.446483-07	3	GENERAL	\N		\N
35	New Payroll Record	Payroll prepared for NTWALI  on 2025-08-20.	t	2025-08-20 01:29:21.304197-07	3	GENERAL	\N		\N
36	New Attendance Record	Nsanzimana Innocent - DAILY x1 recorded.	f	2025-08-20 10:54:22.273048-07	3	GENERAL	\N		\N
37	New Attendance Record	Nyirarukundo - DAILY x1 recorded.	f	2025-08-20 10:58:15.781354-07	3	GENERAL	\N		\N
38	New Attendance Record	Numuvandimwe Remy Patience - DAILY x1 recorded.	f	2025-08-21 00:20:06.708175-07	3	GENERAL	\N		\N
39	New Attendance Record	Hagenimana Eddie Fiacre - DAILY x1 recorded.	f	2025-08-21 00:28:55.615074-07	3	GENERAL	\N		\N
40	New Attendance Record	Turikumana Vicent - DAILY x1 recorded.	f	2025-08-21 01:44:29.571997-07	3	GENERAL	\N		\N
41	New Attendance Record	Imaniragena Daniel - DAILY x1 recorded.	f	2025-08-21 01:48:35.610082-07	3	GENERAL	\N		\N
42	New Attendance Record	Hagenimana Emmable - DAILY x1 recorded.	f	2025-08-21 01:51:34.481514-07	3	GENERAL	\N		\N
43	New Attendance Record	Harerimana Thatien - DAILY x1 recorded.	f	2025-08-21 01:53:06.359848-07	3	GENERAL	\N		\N
44	New Attendance Record	Mugisha Jean Claude - DAILY x1 recorded.	f	2025-08-21 01:55:40.072208-07	3	GENERAL	\N		\N
45	New Attendance Record	Mfitumukiza Etienne - DAILY x1 recorded.	f	2025-08-21 01:59:36.80592-07	3	GENERAL	\N		\N
46	New Attendance Record	Nizeyimana Emmanuel - DAILY x1 recorded.	f	2025-08-21 02:02:32.972206-07	3	GENERAL	\N		\N
47	New Attendance Record	Dushimumukiza Emmanuel - DAILY x1 recorded.	f	2025-08-21 02:04:30.277168-07	3	GENERAL	\N		\N
48	New Attendance Record	Nayituriki - DAILY x1 recorded.	f	2025-08-21 02:05:59.707966-07	3	GENERAL	\N		\N
49	New Attendance Record	Niyogisubizo Jean Claude - DAILY x1 recorded.	f	2025-08-21 02:09:26.026377-07	3	GENERAL	\N		\N
50	New Attendance Record	Niyonshuti Thierry - DAILY x1 recorded.	f	2025-08-21 02:11:19.888238-07	3	GENERAL	\N		\N
51	New Attendance Record	Habimana Alexandre - DAILY x1 recorded.	f	2025-08-21 02:13:30.553533-07	3	GENERAL	\N		\N
52	New Attendance Record	Ndayishimiye Meshake - DAILY x1 recorded.	f	2025-08-21 02:15:07.513215-07	3	GENERAL	\N		\N
53	New Attendance Record	Habimana David - DAILY x1 recorded.	f	2025-08-21 02:17:30.988515-07	3	GENERAL	\N		\N
54	New Attendance Record	Ishimwe Diedone - DAILY x1 recorded.	f	2025-08-21 02:19:08.075186-07	3	GENERAL	\N		\N
55	New Attendance Record	Havugimana Fabrice - DAILY x1 recorded.	f	2025-08-21 02:20:54.741318-07	3	GENERAL	\N		\N
56	New Attendance Record	Nizeyimana Jean Claude - DAILY x1 recorded.	f	2025-08-21 02:22:29.501272-07	3	GENERAL	\N		\N
57	New Attendance Record	Kagiraneza Jean Btiste - DAILY x1 recorded.	f	2025-08-21 02:23:33.795103-07	3	GENERAL	\N		\N
58	New Attendance Record	Niyonsenga Patrice - DAILY x1 recorded.	f	2025-08-21 02:28:36.672027-07	3	GENERAL	\N		\N
59	New Attendance Record	Nshimiyimana Jean Paul - DAILY x1 recorded.	f	2025-08-21 02:31:03.208146-07	3	GENERAL	\N		\N
60	New Attendance Record	U wimana Elie - DAILY x1 recorded.	f	2025-08-21 02:33:15.262988-07	3	GENERAL	\N		\N
61	New Attendance Record	Habimana David - DAILY x1 recorded.	f	2025-08-21 07:36:52.954687-07	3	GENERAL	\N		\N
94	New Attendance Record	Numuvandimwe Remy Patience - DAILY x1 recorded.	f	2025-08-22 07:40:01.55632-07	3	GENERAL	\N		\N
95	New Attendance Record	Turikumana Vicent - DAILY x1 recorded.	f	2025-08-22 07:41:21.171221-07	3	GENERAL	\N		\N
96	New Attendance Record	Imaniragena Daniel - DAILY x1 recorded.	f	2025-08-22 07:42:00.442098-07	3	GENERAL	\N		\N
97	New Attendance Record	Hagenimana Emmable - DAILY x1 recorded.	f	2025-08-22 07:42:52.567817-07	3	GENERAL	\N		\N
98	New Attendance Record	Harerimana Thatien - DAILY x1 recorded.	f	2025-08-22 07:43:50.949912-07	3	GENERAL	\N		\N
99	New Attendance Record	Mugisha Jean Claude - DAILY x1 recorded.	f	2025-08-22 07:44:48.155407-07	3	GENERAL	\N		\N
100	New Attendance Record	Mugisha Jean Claude - DAILY x1 recorded.	f	2025-08-22 07:45:19.423542-07	3	GENERAL	\N		\N
101	New Attendance Record	Manishimwe Frolent - DAILY x1 recorded.	f	2025-08-22 07:49:06.838854-07	3	GENERAL	\N		\N
102	New Attendance Record	Niyibizi Anteri - DAILY x1 recorded.	f	2025-08-22 07:50:51.676212-07	3	GENERAL	\N		\N
103	New Attendance Record	Kayiranga Ezekiel - DAILY x1 recorded.	f	2025-08-22 07:53:04.457739-07	3	GENERAL	\N		\N
104	New Attendance Record	Nsabumugisha Ennock - DAILY x1 recorded.	f	2025-08-22 07:55:17.293728-07	3	GENERAL	\N		\N
105	New Attendance Record	Habimana Jean Damour - DAILY x1 recorded.	f	2025-08-22 07:56:38.375406-07	3	GENERAL	\N		\N
106	New Attendance Record	Nizeyimana Emmanuel - DAILY x1 recorded.	f	2025-08-22 07:57:36.425149-07	3	GENERAL	\N		\N
107	New Attendance Record	Nayituriki - DAILY x1 recorded.	f	2025-08-22 07:58:10.053269-07	3	GENERAL	\N		\N
108	New Attendance Record	Niyogisubizo Jean Claude - DAILY x1 recorded.	f	2025-08-22 07:59:09.394805-07	3	GENERAL	\N		\N
109	New Attendance Record	Niyonshuti Thierry - DAILY x1 recorded.	f	2025-08-22 07:59:50.244261-07	3	GENERAL	\N		\N
110	New Attendance Record	Habimana Alexandre - DAILY x1 recorded.	f	2025-08-22 08:01:51.221091-07	3	GENERAL	\N		\N
111	New Attendance Record	Hagenimana Eddie Fiacre - DAILY x1 recorded.	f	2025-08-22 08:02:53.429016-07	3	GENERAL	\N		\N
112	New Attendance Record	Habimana David - DAILY x1 recorded.	f	2025-08-22 08:03:54.886151-07	3	GENERAL	\N		\N
113	New Attendance Record	Ishimwe Diedone - DAILY x1 recorded.	f	2025-08-22 08:04:38.396853-07	3	GENERAL	\N		\N
114	New Attendance Record	Havugimana Fabrice - DAILY x1 recorded.	f	2025-08-22 08:06:16.413576-07	3	GENERAL	\N		\N
115	New Attendance Record	Nizeyimana Jean Claude - DAILY x1 recorded.	f	2025-08-22 08:11:21.002687-07	3	GENERAL	\N		\N
116	New Attendance Record	Kagiraneza Jean Btiste - DAILY x1 recorded.	f	2025-08-22 08:13:38.269576-07	3	GENERAL	\N		\N
117	New Attendance Record	Niyonsenga Patrice - DAILY x1 recorded.	f	2025-08-22 08:17:14.846269-07	3	GENERAL	\N		\N
118	New Attendance Record	Nshimiyimana Jean Paul - DAILY x1 recorded.	f	2025-08-22 08:17:55.750202-07	3	GENERAL	\N		\N
119	New Attendance Record	Hagenimana Eddie Fiacre - DAILY x1 recorded.	f	2025-08-23 05:31:44.430139-07	3	GENERAL	\N		\N
120	New Attendance Record	Nayituriki - DAILY x1 recorded.	f	2025-08-23 05:32:13.948592-07	3	GENERAL	\N		\N
121	New Attendance Record	Niyonshuti Thierry - DAILY x1 recorded.	f	2025-08-23 05:33:02.319601-07	3	GENERAL	\N		\N
122	New Attendance Record	Habimana Alexandre - DAILY x1 recorded.	f	2025-08-23 05:33:48.140908-07	3	GENERAL	\N		\N
123	New Attendance Record	Nizeyimana Emmanuel - DAILY x1 recorded.	f	2025-08-23 05:34:58.208661-07	3	GENERAL	\N		\N
124	New Attendance Record	Hagenimana Emmable - DAILY x1 recorded.	f	2025-08-23 05:35:56.788096-07	3	GENERAL	\N		\N
125	New Attendance Record	Harerimana Thatien - DAILY x1 recorded.	f	2025-08-23 05:36:53.29628-07	3	GENERAL	\N		\N
126	New Attendance Record	Mugisha Jean Claude - DAILY x1 recorded.	f	2025-08-23 05:37:16.790983-07	3	GENERAL	\N		\N
127	New Attendance Record	Mfitumukiza Etienne - DAILY x1 recorded.	f	2025-08-23 05:37:39.139892-07	3	GENERAL	\N		\N
128	New Attendance Record	Nsabumugisha Ennock - DAILY x1 recorded.	f	2025-08-23 05:38:17.612922-07	3	GENERAL	\N		\N
129	New Attendance Record	Imaniragena Daniel - DAILY x1 recorded.	f	2025-08-23 05:38:38.257316-07	3	GENERAL	\N		\N
130	New Attendance Record	Kayiranga Ezekiel - DAILY x1 recorded.	f	2025-08-23 05:41:31.677751-07	3	GENERAL	\N		\N
131	New Attendance Record	Mwerekande Denis - DAILY x1 recorded.	f	2025-08-23 05:58:24.920783-07	3	GENERAL	\N		\N
132	New Attendance Record	Habimana David - DAILY x1 recorded.	f	2025-08-23 05:59:03.004118-07	3	GENERAL	\N		\N
133	New Attendance Record	Nizeyimana Jean Claude - DAILY x1 recorded.	f	2025-08-23 06:00:50.323913-07	3	GENERAL	\N		\N
134	New Attendance Record	Ishimwe Diedone - DAILY x1 recorded.	f	2025-08-23 06:01:57.692445-07	3	GENERAL	\N		\N
135	New Attendance Record	Nshimiyimana Jean Paul - DAILY x1 recorded.	f	2025-08-23 06:06:05.804533-07	3	GENERAL	\N		\N
136	New Attendance Record	Mutayomba Cedrick - DAILY x1 recorded.	f	2025-08-23 06:07:32.229033-07	3	GENERAL	\N		\N
137	New Attendance Record	Numuvandimwe Remy Patience - DAILY x1 recorded.	f	2025-08-23 06:10:09.561027-07	3	GENERAL	\N		\N
138	New Attendance Record	Mwerekande Denis - DAILY x1 recorded.	f	2025-08-23 06:11:41.494035-07	3	GENERAL	\N		\N
170	Payroll Submission - 2025-08-21	Payroll list submitted by Remy Patience Numuvandimwe for Cricket Locker room on 2025-08-21. Total employees: 23.	f	2025-08-23 06:43:15.837537-07	3	PAYROLL_SUBMISSION	2025-08-21	Cricket Locker room	11
171	Payroll Submission - 2025-08-21	Payroll list submitted by Remy Patience Numuvandimwe for Cricket Locker room on 2025-08-21. Total employees: 23.	f	2025-08-23 06:43:35.318921-07	3	PAYROLL_SUBMISSION	2025-08-21	Cricket Locker room	11
172	Payroll Reply - 2025-08-21	Chief Engineer Gregoire NTWALI replied to your payroll submission for Cricket Locker room on 2025-08-21: "Well Received"	f	2025-08-23 06:47:18.621133-07	11	PAYROLL_REPLY	2025-08-21	Cricket Locker room	3
173	Payroll Reply - 2025-08-21	Chief Engineer Gregoire NTWALI replied to your payroll submission for Cricket Locker room on 2025-08-21: "Well Received"	f	2025-08-23 06:48:53.488897-07	11	PAYROLL_REPLY	2025-08-21	Cricket Locker room	3
174	Payroll Submission - 2025-08-22	Payroll list submitted by Remy Patience Numuvandimwe for Cricket Locker room on 2025-08-22. Total employees: 26.	f	2025-08-23 07:32:11.834869-07	3	PAYROLL_SUBMISSION	2025-08-22	Cricket Locker room	11
175	Payroll Reply - 2025-08-22	Chief Engineer Gregoire NTWALI replied to your payroll submission for Cricket Locker room on 2025-08-22: "sawa sawa"	f	2025-08-23 07:33:45.557096-07	11	PAYROLL_REPLY	2025-08-22	Cricket Locker room	3
176	Payroll Submission - 2025-08-23	Payroll list submitted by Remy Patience Numuvandimwe for Cricket Locker room on 2025-08-23. Total employees: 19.	f	2025-08-23 07:40:45.325055-07	3	PAYROLL_SUBMISSION	2025-08-23	Cricket Locker room	11
177	Payroll Reply - 2025-08-23	Chief Engineer Gregoire NTWALI replied to your payroll submission for Cricket Locker room on 2025-08-23: "well received dear Engineer"	f	2025-08-23 07:41:35.016471-07	11	PAYROLL_REPLY	2025-08-23	Cricket Locker room	3
178	Payroll Submission - 2025-08-23	Payroll list submitted by Remy Patience Numuvandimwe for Cricket Locker room on 2025-08-23. Total employees: 19.	f	2025-08-24 03:09:05.783896-07	3	PAYROLL_SUBMISSION	2025-08-23	Cricket Locker room	11
179	Payroll Submission - 2025-08-24	Payroll list submitted by Remy Patience Numuvandimwe for Cricket Locker room on 2025-08-24. Total employees: 18.	f	2025-08-27 03:52:40.843779-07	3	PAYROLL_SUBMISSION	2025-08-24	Cricket Locker room	11
180	Payroll Reply - 2025-08-24	Chief Engineer Gregoire NTWALI replied to your payroll submission for Cricket Locker room on 2025-08-24: "Well Received Mr. Remy"	f	2025-08-27 03:54:16.138374-07	11	PAYROLL_REPLY	2025-08-24	Cricket Locker room	3
181	Payroll Reply - 2025-08-24	Chief Engineer Gregoire NTWALI replied to your payroll submission for Cricket Locker room on 2025-08-24: "Good Job"	t	2025-08-27 04:07:24.408788-07	11	PAYROLL_REPLY	2025-08-24	Cricket Locker room	3
\.


--
-- TOC entry 5089 (class 0 OID 25328)
-- Dependencies: 244
-- Data for Name: payroll_payrollrecord; Type: TABLE DATA; Schema: public; Owner: postgres
--

COPY public.payroll_payrollrecord (id, amount, date, deducted, bonus, total_paid, contact, signature, payment_status, created_at, category_id, employee_id) FROM stdin;
45	10000.00	2025-08-21	0.00	0.00	10000.00		t	PAID	2025-08-22 07:38:26.413927-07	4	68
46	10000.00	2025-08-21	0.00	0.00	10000.00		t	PAID	2025-08-22 07:38:26.458063-07	4	67
47	10000.00	2025-08-21	0.00	0.00	10000.00		t	PAID	2025-08-22 07:38:26.475518-07	4	66
48	10000.00	2025-08-21	0.00	0.00	10000.00		t	PAID	2025-08-22 07:38:26.496912-07	4	65
49	10000.00	2025-08-21	0.00	0.00	10000.00		t	PAID	2025-08-22 07:38:26.515169-07	4	64
50	10000.00	2025-08-21	0.00	0.00	10000.00		t	PAID	2025-08-22 07:38:26.533282-07	4	63
51	10000.00	2025-08-21	0.00	0.00	10000.00		t	PAID	2025-08-22 07:38:26.551428-07	4	62
52	12000.00	2025-08-21	0.00	0.00	12000.00		t	PAID	2025-08-22 07:38:26.573049-07	4	61
53	5000.00	2025-08-21	0.00	0.00	5000.00		t	PAID	2025-08-22 07:38:26.594698-07	2	60
54	5000.00	2025-08-21	0.00	0.00	5000.00		t	PAID	2025-08-22 07:38:26.611721-07	2	59
55	5000.00	2025-08-21	0.00	0.00	5000.00		t	PAID	2025-08-22 07:38:26.630246-07	2	58
56	5000.00	2025-08-21	0.00	0.00	5000.00		t	PAID	2025-08-22 07:38:26.650395-07	2	57
57	5000.00	2025-08-21	0.00	0.00	5000.00		t	PAID	2025-08-22 07:38:26.668367-07	2	56
58	5000.00	2025-08-21	0.00	0.00	5000.00		t	PAID	2025-08-22 07:38:26.683936-07	2	55
59	5000.00	2025-08-21	0.00	0.00	5000.00		t	PAID	2025-08-22 07:38:26.705324-07	2	54
60	12000.00	2025-08-21	0.00	0.00	12000.00		t	PAID	2025-08-22 07:38:26.725692-07	3	53
61	10000.00	2025-08-21	0.00	0.00	10000.00		t	PAID	2025-08-22 07:38:26.74755-07	3	52
62	10000.00	2025-08-21	0.00	0.00	10000.00		t	PAID	2025-08-22 07:38:26.766927-07	3	51
63	10000.00	2025-08-21	0.00	0.00	10000.00		t	PAID	2025-08-22 07:38:26.780926-07	3	50
64	10000.00	2025-08-21	0.00	0.00	10000.00		t	PAID	2025-08-22 07:38:26.795271-07	3	49
65	10000.00	2025-08-21	0.00	0.00	10000.00		t	PAID	2025-08-22 07:38:26.814299-07	3	48
66	5000.00	2025-08-21	0.00	0.00	5000.00		t	PAID	2025-08-22 07:38:26.831025-07	2	47
67	10000.00	2025-08-21	0.00	0.00	10000.00		t	PENDING	2025-08-22 07:38:26.851174-07	37	46
93	10000.00	2025-08-22	0.00	0.00	10000.00		t	PAID	2025-08-23 06:12:29.620085-07	4	74
90	10000.00	2025-08-22	0.00	0.00	10000.00		t	PAID	2025-08-23 05:28:42.83437-07	3	49
91	10000.00	2025-08-22	0.00	0.00	10000.00		t	PAID	2025-08-23 05:28:42.840932-07	3	48
92	10000.00	2025-08-22	0.00	0.00	10000.00		t	PENDING	2025-08-23 05:28:42.855201-07	37	46
126	10000.00	2025-08-23	0.00	0.00	10000.00		f	PENDING	2025-08-24 03:09:28.349286-07	37	46
127	10000.00	2025-08-23	0.00	0.00	10000.00		t	PAID	2025-08-24 03:09:28.364093-07	4	75
128	10000.00	2025-08-23	0.00	0.00	10000.00		t	PAID	2025-08-24 03:09:28.364973-07	4	67
68	10000.00	2025-08-22	0.00	0.00	10000.00		t	PAID	2025-08-23 05:28:42.497486-07	4	67
69	10000.00	2025-08-22	0.00	0.00	10000.00		t	PAID	2025-08-23 05:28:42.535248-07	4	66
70	10000.00	2025-08-22	0.00	0.00	10000.00		t	PAID	2025-08-23 05:28:42.551434-07	4	65
71	10000.00	2025-08-22	0.00	0.00	10000.00		t	PAID	2025-08-23 05:28:42.568382-07	4	64
72	10000.00	2025-08-22	0.00	0.00	10000.00		t	PAID	2025-08-23 05:28:42.585095-07	4	63
73	10000.00	2025-08-22	0.00	0.00	10000.00		t	PAID	2025-08-23 05:28:42.602099-07	4	62
74	12000.00	2025-08-22	0.00	0.00	12000.00		t	PAID	2025-08-23 05:28:42.617537-07	4	61
75	5000.00	2025-08-22	0.00	0.00	5000.00		t	PAID	2025-08-23 05:28:42.634981-07	2	47
76	5000.00	2025-08-22	0.00	0.00	5000.00		t	PAID	2025-08-23 05:28:42.650826-07	2	59
77	5000.00	2025-08-22	0.00	0.00	5000.00		t	PAID	2025-08-23 05:28:42.667395-07	2	58
78	5000.00	2025-08-22	0.00	0.00	5000.00		t	PAID	2025-08-23 05:28:42.679316-07	2	57
79	5000.00	2025-08-22	0.00	0.00	5000.00		t	PAID	2025-08-23 05:28:42.686917-07	2	56
80	5000.00	2025-08-22	0.00	0.00	5000.00		t	PAID	2025-08-23 05:28:42.703143-07	2	54
81	10000.00	2025-08-22	0.00	0.00	10000.00		t	PAID	2025-08-23 05:28:42.717286-07	3	73
82	10000.00	2025-08-22	0.00	0.00	10000.00		t	PAID	2025-08-23 05:28:42.727301-07	3	72
83	10000.00	2025-08-22	0.00	0.00	10000.00		t	PAID	2025-08-23 05:28:42.743269-07	3	71
84	10000.00	2025-08-22	0.00	0.00	10000.00		t	PAID	2025-08-23 05:28:42.759284-07	3	70
85	10000.00	2025-08-22	0.00	0.00	10000.00		t	PAID	2025-08-23 05:28:42.768371-07	3	69
86	12000.00	2025-08-22	0.00	0.00	12000.00		t	PAID	2025-08-23 05:28:42.785282-07	3	53
87	10000.00	2025-08-22	0.00	0.00	10000.00		t	PAID	2025-08-23 05:28:42.7917-07	3	52
88	10000.00	2025-08-22	0.00	0.00	10000.00		t	PAID	2025-08-23 05:28:42.80256-07	3	51
89	10000.00	2025-08-22	0.00	0.00	10000.00		t	PAID	2025-08-23 05:28:42.817395-07	3	50
129	10000.00	2025-08-23	0.00	0.00	10000.00		t	PAID	2025-08-24 03:09:28.380027-07	4	62
130	10000.00	2025-08-23	0.00	0.00	10000.00		t	PAID	2025-08-24 03:09:28.387901-07	4	64
131	12000.00	2025-08-23	0.00	0.00	12000.00		t	PAID	2025-08-24 03:09:28.393598-07	4	61
132	10000.00	2025-08-23	0.00	0.00	10000.00		t	PAID	2025-08-24 03:09:28.398391-07	4	74
133	10000.00	2025-08-23	0.00	0.00	10000.00		t	PAID	2025-08-24 03:09:28.398391-07	3	71
134	10000.00	2025-08-23	0.00	0.00	10000.00		t	PAID	2025-08-24 03:09:28.41459-07	3	49
135	10000.00	2025-08-23	0.00	0.00	10000.00		t	PAID	2025-08-24 03:09:28.41527-07	3	72
136	12000.00	2025-08-23	0.00	0.00	12000.00		t	PAID	2025-08-24 03:09:28.41527-07	3	53
137	10000.00	2025-08-23	0.00	0.00	10000.00		t	PAID	2025-08-24 03:09:28.431536-07	3	52
138	10000.00	2025-08-23	0.00	0.00	10000.00		t	PAID	2025-08-24 03:09:28.431536-07	3	51
139	10000.00	2025-08-23	0.00	0.00	10000.00		t	PAID	2025-08-24 03:09:28.448696-07	3	50
140	5000.00	2025-08-23	0.00	0.00	5000.00		t	PAID	2025-08-24 03:09:28.448696-07	2	54
141	5000.00	2025-08-23	0.00	0.00	5000.00		t	PAID	2025-08-24 03:09:28.465288-07	2	59
142	5000.00	2025-08-23	0.00	0.00	5000.00		t	PAID	2025-08-24 03:09:28.465288-07	2	58
143	5000.00	2025-08-23	0.00	0.00	5000.00		t	PAID	2025-08-24 03:09:28.481558-07	2	56
144	5000.00	2025-08-23	0.00	0.00	5000.00		t	PAID	2025-08-24 03:09:28.481558-07	2	47
145	10000.00	2025-08-24	0.00	0.00	10000.00		f	PENDING	2025-08-27 02:36:44.457132-07	37	46
146	5000.00	2025-08-24	0.00	0.00	5000.00		t	PAID	2025-08-27 02:36:44.483474-07	2	59
147	5000.00	2025-08-24	0.00	0.00	5000.00		t	PAID	2025-08-27 02:36:44.491719-07	2	58
148	5000.00	2025-08-24	0.00	0.00	5000.00		t	PAID	2025-08-27 02:36:44.503784-07	2	56
149	5000.00	2025-08-24	0.00	0.00	5000.00		t	PAID	2025-08-27 02:36:44.51405-07	2	57
150	12000.00	2025-08-24	0.00	0.00	12000.00		t	PAID	2025-08-27 02:36:44.522289-07	3	53
151	10000.00	2025-08-24	0.00	0.00	10000.00		t	PAID	2025-08-27 02:36:44.53402-07	4	77
152	10000.00	2025-08-24	0.00	0.00	10000.00		t	PAID	2025-08-27 02:36:44.541525-07	4	75
153	10000.00	2025-08-24	0.00	0.00	10000.00		t	PAID	2025-08-27 02:36:44.551866-07	4	74
154	10000.00	2025-08-24	0.00	0.00	10000.00		t	PAID	2025-08-27 02:36:44.564506-07	4	67
155	10000.00	2025-08-24	0.00	0.00	10000.00		t	PAID	2025-08-27 02:36:44.571375-07	4	64
156	10000.00	2025-08-24	0.00	0.00	10000.00		t	PAID	2025-08-27 02:36:44.586846-07	4	62
157	12000.00	2025-08-24	0.00	0.00	12000.00		t	PAID	2025-08-27 02:36:44.59976-07	4	61
158	10000.00	2025-08-24	0.00	0.00	10000.00		t	PAID	2025-08-27 02:36:44.609751-07	3	76
159	10000.00	2025-08-24	0.00	0.00	10000.00		t	PAID	2025-08-27 02:36:44.622258-07	3	71
160	10000.00	2025-08-24	0.00	0.00	10000.00		t	PAID	2025-08-27 02:36:44.635402-07	3	70
161	10000.00	2025-08-24	0.00	0.00	10000.00		t	PAID	2025-08-27 02:36:44.644817-07	3	49
162	10000.00	2025-08-24	0.00	0.00	10000.00		t	PAID	2025-08-27 02:36:44.660471-07	3	48
\.


--
-- TOC entry 5085 (class 0 OID 25294)
-- Dependencies: 240
-- Data for Name: sites_constructionsite; Type: TABLE DATA; Schema: public; Owner: postgres
--

COPY public.sites_constructionsite (id, name, location, description, is_active, created_at, chief_engineer_id) FROM stdin;
9	Cricket Locker room	Gahanga - Kicukiro	Construction building in Gahanga Cricket Stadium	t	2025-08-21 00:02:55.96415-07	3
\.


--
-- TOC entry 5092 (class 0 OID 25360)
-- Dependencies: 247
-- Data for Name: sites_constructionsite_site_engineers; Type: TABLE DATA; Schema: public; Owner: postgres
--

COPY public.sites_constructionsite_site_engineers (id, constructionsite_id, user_id) FROM stdin;
11	9	11
\.


--
-- TOC entry 5071 (class 0 OID 25180)
-- Dependencies: 226
-- Data for Name: users_user; Type: TABLE DATA; Schema: public; Owner: postgres
--

COPY public.users_user (id, password, last_login, is_superuser, username, first_name, last_name, email, is_staff, is_active, date_joined, role, phone, national_id, avatar) FROM stdin;
3	pbkdf2_sha256$1000000$FEf62Epe2YjPiAsbd0ZVVq$MJWERPntmp41vf8r7zn03YvcYAMNDxjYcW/8rbgQ+D0=	2025-08-27 03:55:59.119729-07	f	Ntwali	Gregoire	NTWALI	ntwali@gmail.com	f	t	2025-08-12 04:51:06.453165-07	CHIEF_ENGINEER	+250788537620	1223000000000000	
11	pbkdf2_sha256$1000000$e41vOTbJykuxYeTPYIWbVY$omZ5jQfn/eDTwBh1zhg6qbBjHYa6aZ/pPC/yVfgbDXw=	2025-08-27 04:07:39.594518-07	f	Remy Patience	Remy Patience	Numuvandimwe	tintinpatience@gmail.com	f	t	2025-08-21 00:10:15.80208-07	SITE_ENGINEER	+250789923390	1199680249586257	
2	pbkdf2_sha256$1000000$cOuebyjMvfqcFBLc2ajSV3$Q/4r+xYuVsWap2F0Rl4E79Y1S9ofcUInCf6RenazusU=	2025-08-27 03:43:35.451511-07	t	Cyprienhr	RWENDERE	Cyprien	cyprienhagena01@gmail.com	t	t	2025-08-12 04:41:53.613611-07	SYSTEM_ADMIN	+250787140195	1200180036027040	\N
\.


--
-- TOC entry 5073 (class 0 OID 25190)
-- Dependencies: 228
-- Data for Name: users_user_groups; Type: TABLE DATA; Schema: public; Owner: postgres
--

COPY public.users_user_groups (id, user_id, group_id) FROM stdin;
\.


--
-- TOC entry 5075 (class 0 OID 25196)
-- Dependencies: 230
-- Data for Name: users_user_user_permissions; Type: TABLE DATA; Schema: public; Owner: postgres
--

COPY public.users_user_user_permissions (id, user_id, permission_id) FROM stdin;
\.


--
-- TOC entry 5098 (class 0 OID 0)
-- Dependencies: 237
-- Name: attendance_attendancerecord_id_seq; Type: SEQUENCE SET; Schema: public; Owner: postgres
--

SELECT pg_catalog.setval('public.attendance_attendancerecord_id_seq', 198, true);


--
-- TOC entry 5099 (class 0 OID 0)
-- Dependencies: 221
-- Name: auth_group_id_seq; Type: SEQUENCE SET; Schema: public; Owner: postgres
--

SELECT pg_catalog.setval('public.auth_group_id_seq', 1, false);


--
-- TOC entry 5100 (class 0 OID 0)
-- Dependencies: 223
-- Name: auth_group_permissions_id_seq; Type: SEQUENCE SET; Schema: public; Owner: postgres
--

SELECT pg_catalog.setval('public.auth_group_permissions_id_seq', 1, false);


--
-- TOC entry 5101 (class 0 OID 0)
-- Dependencies: 219
-- Name: auth_permission_id_seq; Type: SEQUENCE SET; Schema: public; Owner: postgres
--

SELECT pg_catalog.setval('public.auth_permission_id_seq', 76, true);


--
-- TOC entry 5102 (class 0 OID 0)
-- Dependencies: 231
-- Name: django_admin_log_id_seq; Type: SEQUENCE SET; Schema: public; Owner: postgres
--

SELECT pg_catalog.setval('public.django_admin_log_id_seq', 1, false);


--
-- TOC entry 5103 (class 0 OID 0)
-- Dependencies: 217
-- Name: django_content_type_id_seq; Type: SEQUENCE SET; Schema: public; Owner: postgres
--

SELECT pg_catalog.setval('public.django_content_type_id_seq', 19, true);


--
-- TOC entry 5104 (class 0 OID 0)
-- Dependencies: 215
-- Name: django_migrations_id_seq; Type: SEQUENCE SET; Schema: public; Owner: postgres
--

SELECT pg_catalog.setval('public.django_migrations_id_seq', 54, true);


--
-- TOC entry 5105 (class 0 OID 0)
-- Dependencies: 233
-- Name: employees_category_id_seq; Type: SEQUENCE SET; Schema: public; Owner: postgres
--

SELECT pg_catalog.setval('public.employees_category_id_seq', 37, true);


--
-- TOC entry 5106 (class 0 OID 0)
-- Dependencies: 235
-- Name: employees_employee_id_seq; Type: SEQUENCE SET; Schema: public; Owner: postgres
--

SELECT pg_catalog.setval('public.employees_employee_id_seq', 77, true);


--
-- TOC entry 5107 (class 0 OID 0)
-- Dependencies: 241
-- Name: notifications_notification_id_seq; Type: SEQUENCE SET; Schema: public; Owner: postgres
--

SELECT pg_catalog.setval('public.notifications_notification_id_seq', 181, true);


--
-- TOC entry 5108 (class 0 OID 0)
-- Dependencies: 243
-- Name: payroll_payrollrecord_id_seq; Type: SEQUENCE SET; Schema: public; Owner: postgres
--

SELECT pg_catalog.setval('public.payroll_payrollrecord_id_seq', 162, true);


--
-- TOC entry 5109 (class 0 OID 0)
-- Dependencies: 239
-- Name: sites_constructionsite_id_seq; Type: SEQUENCE SET; Schema: public; Owner: postgres
--

SELECT pg_catalog.setval('public.sites_constructionsite_id_seq', 10, true);


--
-- TOC entry 5110 (class 0 OID 0)
-- Dependencies: 246
-- Name: sites_constructionsite_site_engineers_id_seq; Type: SEQUENCE SET; Schema: public; Owner: postgres
--

SELECT pg_catalog.setval('public.sites_constructionsite_site_engineers_id_seq', 12, true);


--
-- TOC entry 5111 (class 0 OID 0)
-- Dependencies: 227
-- Name: users_user_groups_id_seq; Type: SEQUENCE SET; Schema: public; Owner: postgres
--

SELECT pg_catalog.setval('public.users_user_groups_id_seq', 1, false);


--
-- TOC entry 5112 (class 0 OID 0)
-- Dependencies: 225
-- Name: users_user_id_seq; Type: SEQUENCE SET; Schema: public; Owner: postgres
--

SELECT pg_catalog.setval('public.users_user_id_seq', 12, true);


--
-- TOC entry 5113 (class 0 OID 0)
-- Dependencies: 229
-- Name: users_user_user_permissions_id_seq; Type: SEQUENCE SET; Schema: public; Owner: postgres
--

SELECT pg_catalog.setval('public.users_user_user_permissions_id_seq', 1, false);


--
-- TOC entry 4873 (class 2606 OID 25280)
-- Name: attendance_attendancerecord attendance_attendancerecord_pkey; Type: CONSTRAINT; Schema: public; Owner: postgres
--

ALTER TABLE ONLY public.attendance_attendancerecord
    ADD CONSTRAINT attendance_attendancerecord_pkey PRIMARY KEY (id);


--
-- TOC entry 4829 (class 2606 OID 25177)
-- Name: auth_group auth_group_name_key; Type: CONSTRAINT; Schema: public; Owner: postgres
--

ALTER TABLE ONLY public.auth_group
    ADD CONSTRAINT auth_group_name_key UNIQUE (name);


--
-- TOC entry 4834 (class 2606 OID 25163)
-- Name: auth_group_permissions auth_group_permissions_group_id_permission_id_0cd325b0_uniq; Type: CONSTRAINT; Schema: public; Owner: postgres
--

ALTER TABLE ONLY public.auth_group_permissions
    ADD CONSTRAINT auth_group_permissions_group_id_permission_id_0cd325b0_uniq UNIQUE (group_id, permission_id);


--
-- TOC entry 4837 (class 2606 OID 25152)
-- Name: auth_group_permissions auth_group_permissions_pkey; Type: CONSTRAINT; Schema: public; Owner: postgres
--

ALTER TABLE ONLY public.auth_group_permissions
    ADD CONSTRAINT auth_group_permissions_pkey PRIMARY KEY (id);


--
-- TOC entry 4831 (class 2606 OID 25144)
-- Name: auth_group auth_group_pkey; Type: CONSTRAINT; Schema: public; Owner: postgres
--

ALTER TABLE ONLY public.auth_group
    ADD CONSTRAINT auth_group_pkey PRIMARY KEY (id);


--
-- TOC entry 4824 (class 2606 OID 25154)
-- Name: auth_permission auth_permission_content_type_id_codename_01ab375a_uniq; Type: CONSTRAINT; Schema: public; Owner: postgres
--

ALTER TABLE ONLY public.auth_permission
    ADD CONSTRAINT auth_permission_content_type_id_codename_01ab375a_uniq UNIQUE (content_type_id, codename);


--
-- TOC entry 4826 (class 2606 OID 25138)
-- Name: auth_permission auth_permission_pkey; Type: CONSTRAINT; Schema: public; Owner: postgres
--

ALTER TABLE ONLY public.auth_permission
    ADD CONSTRAINT auth_permission_pkey PRIMARY KEY (id);


--
-- TOC entry 4857 (class 2606 OID 25238)
-- Name: django_admin_log django_admin_log_pkey; Type: CONSTRAINT; Schema: public; Owner: postgres
--

ALTER TABLE ONLY public.django_admin_log
    ADD CONSTRAINT django_admin_log_pkey PRIMARY KEY (id);


--
-- TOC entry 4819 (class 2606 OID 25132)
-- Name: django_content_type django_content_type_app_label_model_76bd3d3b_uniq; Type: CONSTRAINT; Schema: public; Owner: postgres
--

ALTER TABLE ONLY public.django_content_type
    ADD CONSTRAINT django_content_type_app_label_model_76bd3d3b_uniq UNIQUE (app_label, model);


--
-- TOC entry 4821 (class 2606 OID 25130)
-- Name: django_content_type django_content_type_pkey; Type: CONSTRAINT; Schema: public; Owner: postgres
--

ALTER TABLE ONLY public.django_content_type
    ADD CONSTRAINT django_content_type_pkey PRIMARY KEY (id);


--
-- TOC entry 4817 (class 2606 OID 25124)
-- Name: django_migrations django_migrations_pkey; Type: CONSTRAINT; Schema: public; Owner: postgres
--

ALTER TABLE ONLY public.django_migrations
    ADD CONSTRAINT django_migrations_pkey PRIMARY KEY (id);


--
-- TOC entry 4887 (class 2606 OID 25351)
-- Name: django_session django_session_pkey; Type: CONSTRAINT; Schema: public; Owner: postgres
--

ALTER TABLE ONLY public.django_session
    ADD CONSTRAINT django_session_pkey PRIMARY KEY (session_key);


--
-- TOC entry 4861 (class 2606 OID 25260)
-- Name: employees_category employees_category_name_key; Type: CONSTRAINT; Schema: public; Owner: postgres
--

ALTER TABLE ONLY public.employees_category
    ADD CONSTRAINT employees_category_name_key UNIQUE (name);


--
-- TOC entry 4863 (class 2606 OID 25258)
-- Name: employees_category employees_category_pkey; Type: CONSTRAINT; Schema: public; Owner: postgres
--

ALTER TABLE ONLY public.employees_category
    ADD CONSTRAINT employees_category_pkey PRIMARY KEY (id);


--
-- TOC entry 4867 (class 2606 OID 25266)
-- Name: employees_employee employees_employee_pkey; Type: CONSTRAINT; Schema: public; Owner: postgres
--

ALTER TABLE ONLY public.employees_employee
    ADD CONSTRAINT employees_employee_pkey PRIMARY KEY (id);


--
-- TOC entry 4878 (class 2606 OID 25320)
-- Name: notifications_notification notifications_notification_pkey; Type: CONSTRAINT; Schema: public; Owner: postgres
--

ALTER TABLE ONLY public.notifications_notification
    ADD CONSTRAINT notifications_notification_pkey PRIMARY KEY (id);


--
-- TOC entry 4884 (class 2606 OID 25332)
-- Name: payroll_payrollrecord payroll_payrollrecord_pkey; Type: CONSTRAINT; Schema: public; Owner: postgres
--

ALTER TABLE ONLY public.payroll_payrollrecord
    ADD CONSTRAINT payroll_payrollrecord_pkey PRIMARY KEY (id);


--
-- TOC entry 4876 (class 2606 OID 25300)
-- Name: sites_constructionsite sites_constructionsite_pkey; Type: CONSTRAINT; Schema: public; Owner: postgres
--

ALTER TABLE ONLY public.sites_constructionsite
    ADD CONSTRAINT sites_constructionsite_pkey PRIMARY KEY (id);


--
-- TOC entry 4890 (class 2606 OID 25367)
-- Name: sites_constructionsite_site_engineers sites_constructionsite_s_constructionsite_id_user_c0824577_uniq; Type: CONSTRAINT; Schema: public; Owner: postgres
--

ALTER TABLE ONLY public.sites_constructionsite_site_engineers
    ADD CONSTRAINT sites_constructionsite_s_constructionsite_id_user_c0824577_uniq UNIQUE (constructionsite_id, user_id);


--
-- TOC entry 4893 (class 2606 OID 25364)
-- Name: sites_constructionsite_site_engineers sites_constructionsite_site_engineers_pkey; Type: CONSTRAINT; Schema: public; Owner: postgres
--

ALTER TABLE ONLY public.sites_constructionsite_site_engineers
    ADD CONSTRAINT sites_constructionsite_site_engineers_pkey PRIMARY KEY (id);


--
-- TOC entry 4845 (class 2606 OID 25194)
-- Name: users_user_groups users_user_groups_pkey; Type: CONSTRAINT; Schema: public; Owner: postgres
--

ALTER TABLE ONLY public.users_user_groups
    ADD CONSTRAINT users_user_groups_pkey PRIMARY KEY (id);


--
-- TOC entry 4848 (class 2606 OID 25203)
-- Name: users_user_groups users_user_groups_user_id_group_id_b88eab82_uniq; Type: CONSTRAINT; Schema: public; Owner: postgres
--

ALTER TABLE ONLY public.users_user_groups
    ADD CONSTRAINT users_user_groups_user_id_group_id_b88eab82_uniq UNIQUE (user_id, group_id);


--
-- TOC entry 4839 (class 2606 OID 25186)
-- Name: users_user users_user_pkey; Type: CONSTRAINT; Schema: public; Owner: postgres
--

ALTER TABLE ONLY public.users_user
    ADD CONSTRAINT users_user_pkey PRIMARY KEY (id);


--
-- TOC entry 4851 (class 2606 OID 25200)
-- Name: users_user_user_permissions users_user_user_permissions_pkey; Type: CONSTRAINT; Schema: public; Owner: postgres
--

ALTER TABLE ONLY public.users_user_user_permissions
    ADD CONSTRAINT users_user_user_permissions_pkey PRIMARY KEY (id);


--
-- TOC entry 4854 (class 2606 OID 25217)
-- Name: users_user_user_permissions users_user_user_permissions_user_id_permission_id_43338c45_uniq; Type: CONSTRAINT; Schema: public; Owner: postgres
--

ALTER TABLE ONLY public.users_user_user_permissions
    ADD CONSTRAINT users_user_user_permissions_user_id_permission_id_43338c45_uniq UNIQUE (user_id, permission_id);


--
-- TOC entry 4842 (class 2606 OID 25188)
-- Name: users_user users_user_username_key; Type: CONSTRAINT; Schema: public; Owner: postgres
--

ALTER TABLE ONLY public.users_user
    ADD CONSTRAINT users_user_username_key UNIQUE (username);


--
-- TOC entry 4869 (class 1259 OID 25291)
-- Name: attendance_attendancerecord_category_id_ad7b21f1; Type: INDEX; Schema: public; Owner: postgres
--

CREATE INDEX attendance_attendancerecord_category_id_ad7b21f1 ON public.attendance_attendancerecord USING btree (category_id);


--
-- TOC entry 4870 (class 1259 OID 57742)
-- Name: attendance_attendancerecord_created_by_id_83e5b726; Type: INDEX; Schema: public; Owner: postgres
--

CREATE INDEX attendance_attendancerecord_created_by_id_83e5b726 ON public.attendance_attendancerecord USING btree (created_by_id);


--
-- TOC entry 4871 (class 1259 OID 25292)
-- Name: attendance_attendancerecord_employee_id_e7066fe9; Type: INDEX; Schema: public; Owner: postgres
--

CREATE INDEX attendance_attendancerecord_employee_id_e7066fe9 ON public.attendance_attendancerecord USING btree (employee_id);


--
-- TOC entry 4827 (class 1259 OID 25178)
-- Name: auth_group_name_a6ea08ec_like; Type: INDEX; Schema: public; Owner: postgres
--

CREATE INDEX auth_group_name_a6ea08ec_like ON public.auth_group USING btree (name varchar_pattern_ops);


--
-- TOC entry 4832 (class 1259 OID 25174)
-- Name: auth_group_permissions_group_id_b120cbf9; Type: INDEX; Schema: public; Owner: postgres
--

CREATE INDEX auth_group_permissions_group_id_b120cbf9 ON public.auth_group_permissions USING btree (group_id);


--
-- TOC entry 4835 (class 1259 OID 25175)
-- Name: auth_group_permissions_permission_id_84c5c92e; Type: INDEX; Schema: public; Owner: postgres
--

CREATE INDEX auth_group_permissions_permission_id_84c5c92e ON public.auth_group_permissions USING btree (permission_id);


--
-- TOC entry 4822 (class 1259 OID 25160)
-- Name: auth_permission_content_type_id_2f476e4b; Type: INDEX; Schema: public; Owner: postgres
--

CREATE INDEX auth_permission_content_type_id_2f476e4b ON public.auth_permission USING btree (content_type_id);


--
-- TOC entry 4855 (class 1259 OID 25249)
-- Name: django_admin_log_content_type_id_c4bce8eb; Type: INDEX; Schema: public; Owner: postgres
--

CREATE INDEX django_admin_log_content_type_id_c4bce8eb ON public.django_admin_log USING btree (content_type_id);


--
-- TOC entry 4858 (class 1259 OID 25250)
-- Name: django_admin_log_user_id_c564eba6; Type: INDEX; Schema: public; Owner: postgres
--

CREATE INDEX django_admin_log_user_id_c564eba6 ON public.django_admin_log USING btree (user_id);


--
-- TOC entry 4885 (class 1259 OID 25353)
-- Name: django_session_expire_date_a5c62663; Type: INDEX; Schema: public; Owner: postgres
--

CREATE INDEX django_session_expire_date_a5c62663 ON public.django_session USING btree (expire_date);


--
-- TOC entry 4888 (class 1259 OID 25352)
-- Name: django_session_session_key_c0390e0f_like; Type: INDEX; Schema: public; Owner: postgres
--

CREATE INDEX django_session_session_key_c0390e0f_like ON public.django_session USING btree (session_key varchar_pattern_ops);


--
-- TOC entry 4859 (class 1259 OID 25267)
-- Name: employees_category_name_0e986463_like; Type: INDEX; Schema: public; Owner: postgres
--

CREATE INDEX employees_category_name_0e986463_like ON public.employees_category USING btree (name varchar_pattern_ops);


--
-- TOC entry 4864 (class 1259 OID 25273)
-- Name: employees_employee_category_id_3de7c7a9; Type: INDEX; Schema: public; Owner: postgres
--

CREATE INDEX employees_employee_category_id_3de7c7a9 ON public.employees_employee USING btree (category_id);


--
-- TOC entry 4865 (class 1259 OID 25311)
-- Name: employees_employee_created_by_id_bfa47e39; Type: INDEX; Schema: public; Owner: postgres
--

CREATE INDEX employees_employee_created_by_id_bfa47e39 ON public.employees_employee USING btree (created_by_id);


--
-- TOC entry 4868 (class 1259 OID 25312)
-- Name: employees_employee_site_id_13775bd1; Type: INDEX; Schema: public; Owner: postgres
--

CREATE INDEX employees_employee_site_id_13775bd1 ON public.employees_employee USING btree (site_id);


--
-- TOC entry 4879 (class 1259 OID 25326)
-- Name: notifications_notification_recipient_id_d055f3f0; Type: INDEX; Schema: public; Owner: postgres
--

CREATE INDEX notifications_notification_recipient_id_d055f3f0 ON public.notifications_notification USING btree (recipient_id);


--
-- TOC entry 4880 (class 1259 OID 49552)
-- Name: notifications_notification_sender_id_feea9ca3; Type: INDEX; Schema: public; Owner: postgres
--

CREATE INDEX notifications_notification_sender_id_feea9ca3 ON public.notifications_notification USING btree (sender_id);


--
-- TOC entry 4881 (class 1259 OID 25343)
-- Name: payroll_payrollrecord_category_id_ea40b074; Type: INDEX; Schema: public; Owner: postgres
--

CREATE INDEX payroll_payrollrecord_category_id_ea40b074 ON public.payroll_payrollrecord USING btree (category_id);


--
-- TOC entry 4882 (class 1259 OID 25344)
-- Name: payroll_payrollrecord_employee_id_2724e4dc; Type: INDEX; Schema: public; Owner: postgres
--

CREATE INDEX payroll_payrollrecord_employee_id_2724e4dc ON public.payroll_payrollrecord USING btree (employee_id);


--
-- TOC entry 4874 (class 1259 OID 25365)
-- Name: sites_constructionsite_chief_engineer_id_52710cd3; Type: INDEX; Schema: public; Owner: postgres
--

CREATE INDEX sites_constructionsite_chief_engineer_id_52710cd3 ON public.sites_constructionsite USING btree (chief_engineer_id);


--
-- TOC entry 4891 (class 1259 OID 25378)
-- Name: sites_constructionsite_sit_constructionsite_id_95f8264c; Type: INDEX; Schema: public; Owner: postgres
--

CREATE INDEX sites_constructionsite_sit_constructionsite_id_95f8264c ON public.sites_constructionsite_site_engineers USING btree (constructionsite_id);


--
-- TOC entry 4894 (class 1259 OID 25379)
-- Name: sites_constructionsite_site_engineers_user_id_9e26435a; Type: INDEX; Schema: public; Owner: postgres
--

CREATE INDEX sites_constructionsite_site_engineers_user_id_9e26435a ON public.sites_constructionsite_site_engineers USING btree (user_id);


--
-- TOC entry 4843 (class 1259 OID 25215)
-- Name: users_user_groups_group_id_9afc8d0e; Type: INDEX; Schema: public; Owner: postgres
--

CREATE INDEX users_user_groups_group_id_9afc8d0e ON public.users_user_groups USING btree (group_id);


--
-- TOC entry 4846 (class 1259 OID 25214)
-- Name: users_user_groups_user_id_5f6f5a90; Type: INDEX; Schema: public; Owner: postgres
--

CREATE INDEX users_user_groups_user_id_5f6f5a90 ON public.users_user_groups USING btree (user_id);


--
-- TOC entry 4849 (class 1259 OID 25229)
-- Name: users_user_user_permissions_permission_id_0b93982e; Type: INDEX; Schema: public; Owner: postgres
--

CREATE INDEX users_user_user_permissions_permission_id_0b93982e ON public.users_user_user_permissions USING btree (permission_id);


--
-- TOC entry 4852 (class 1259 OID 25228)
-- Name: users_user_user_permissions_user_id_20aca447; Type: INDEX; Schema: public; Owner: postgres
--

CREATE INDEX users_user_user_permissions_user_id_20aca447 ON public.users_user_user_permissions USING btree (user_id);


--
-- TOC entry 4840 (class 1259 OID 25201)
-- Name: users_user_username_06e46fe6_like; Type: INDEX; Schema: public; Owner: postgres
--

CREATE INDEX users_user_username_06e46fe6_like ON public.users_user USING btree (username varchar_pattern_ops);


--
-- TOC entry 4907 (class 2606 OID 25281)
-- Name: attendance_attendancerecord attendance_attendanc_category_id_ad7b21f1_fk_employees; Type: FK CONSTRAINT; Schema: public; Owner: postgres
--

ALTER TABLE ONLY public.attendance_attendancerecord
    ADD CONSTRAINT attendance_attendanc_category_id_ad7b21f1_fk_employees FOREIGN KEY (category_id) REFERENCES public.employees_category(id) DEFERRABLE INITIALLY DEFERRED;


--
-- TOC entry 4908 (class 2606 OID 57737)
-- Name: attendance_attendancerecord attendance_attendanc_created_by_id_83e5b726_fk_users_use; Type: FK CONSTRAINT; Schema: public; Owner: postgres
--

ALTER TABLE ONLY public.attendance_attendancerecord
    ADD CONSTRAINT attendance_attendanc_created_by_id_83e5b726_fk_users_use FOREIGN KEY (created_by_id) REFERENCES public.users_user(id) DEFERRABLE INITIALLY DEFERRED;


--
-- TOC entry 4909 (class 2606 OID 25286)
-- Name: attendance_attendancerecord attendance_attendanc_employee_id_e7066fe9_fk_employees; Type: FK CONSTRAINT; Schema: public; Owner: postgres
--

ALTER TABLE ONLY public.attendance_attendancerecord
    ADD CONSTRAINT attendance_attendanc_employee_id_e7066fe9_fk_employees FOREIGN KEY (employee_id) REFERENCES public.employees_employee(id) DEFERRABLE INITIALLY DEFERRED;


--
-- TOC entry 4896 (class 2606 OID 25169)
-- Name: auth_group_permissions auth_group_permissio_permission_id_84c5c92e_fk_auth_perm; Type: FK CONSTRAINT; Schema: public; Owner: postgres
--

ALTER TABLE ONLY public.auth_group_permissions
    ADD CONSTRAINT auth_group_permissio_permission_id_84c5c92e_fk_auth_perm FOREIGN KEY (permission_id) REFERENCES public.auth_permission(id) DEFERRABLE INITIALLY DEFERRED;


--
-- TOC entry 4897 (class 2606 OID 25164)
-- Name: auth_group_permissions auth_group_permissions_group_id_b120cbf9_fk_auth_group_id; Type: FK CONSTRAINT; Schema: public; Owner: postgres
--

ALTER TABLE ONLY public.auth_group_permissions
    ADD CONSTRAINT auth_group_permissions_group_id_b120cbf9_fk_auth_group_id FOREIGN KEY (group_id) REFERENCES public.auth_group(id) DEFERRABLE INITIALLY DEFERRED;


--
-- TOC entry 4895 (class 2606 OID 25155)
-- Name: auth_permission auth_permission_content_type_id_2f476e4b_fk_django_co; Type: FK CONSTRAINT; Schema: public; Owner: postgres
--

ALTER TABLE ONLY public.auth_permission
    ADD CONSTRAINT auth_permission_content_type_id_2f476e4b_fk_django_co FOREIGN KEY (content_type_id) REFERENCES public.django_content_type(id) DEFERRABLE INITIALLY DEFERRED;


--
-- TOC entry 4902 (class 2606 OID 25239)
-- Name: django_admin_log django_admin_log_content_type_id_c4bce8eb_fk_django_co; Type: FK CONSTRAINT; Schema: public; Owner: postgres
--

ALTER TABLE ONLY public.django_admin_log
    ADD CONSTRAINT django_admin_log_content_type_id_c4bce8eb_fk_django_co FOREIGN KEY (content_type_id) REFERENCES public.django_content_type(id) DEFERRABLE INITIALLY DEFERRED;


--
-- TOC entry 4903 (class 2606 OID 25244)
-- Name: django_admin_log django_admin_log_user_id_c564eba6_fk_users_user_id; Type: FK CONSTRAINT; Schema: public; Owner: postgres
--

ALTER TABLE ONLY public.django_admin_log
    ADD CONSTRAINT django_admin_log_user_id_c564eba6_fk_users_user_id FOREIGN KEY (user_id) REFERENCES public.users_user(id) DEFERRABLE INITIALLY DEFERRED;


--
-- TOC entry 4904 (class 2606 OID 25268)
-- Name: employees_employee employees_employee_category_id_3de7c7a9_fk_employees; Type: FK CONSTRAINT; Schema: public; Owner: postgres
--

ALTER TABLE ONLY public.employees_employee
    ADD CONSTRAINT employees_employee_category_id_3de7c7a9_fk_employees FOREIGN KEY (category_id) REFERENCES public.employees_category(id) DEFERRABLE INITIALLY DEFERRED;


--
-- TOC entry 4905 (class 2606 OID 25301)
-- Name: employees_employee employees_employee_created_by_id_bfa47e39_fk_users_user_id; Type: FK CONSTRAINT; Schema: public; Owner: postgres
--

ALTER TABLE ONLY public.employees_employee
    ADD CONSTRAINT employees_employee_created_by_id_bfa47e39_fk_users_user_id FOREIGN KEY (created_by_id) REFERENCES public.users_user(id) DEFERRABLE INITIALLY DEFERRED;


--
-- TOC entry 4906 (class 2606 OID 25306)
-- Name: employees_employee employees_employee_site_id_13775bd1_fk_sites_con; Type: FK CONSTRAINT; Schema: public; Owner: postgres
--

ALTER TABLE ONLY public.employees_employee
    ADD CONSTRAINT employees_employee_site_id_13775bd1_fk_sites_con FOREIGN KEY (site_id) REFERENCES public.sites_constructionsite(id) DEFERRABLE INITIALLY DEFERRED;


--
-- TOC entry 4911 (class 2606 OID 25321)
-- Name: notifications_notification notifications_notifi_recipient_id_d055f3f0_fk_users_use; Type: FK CONSTRAINT; Schema: public; Owner: postgres
--

ALTER TABLE ONLY public.notifications_notification
    ADD CONSTRAINT notifications_notifi_recipient_id_d055f3f0_fk_users_use FOREIGN KEY (recipient_id) REFERENCES public.users_user(id) DEFERRABLE INITIALLY DEFERRED;


--
-- TOC entry 4912 (class 2606 OID 49547)
-- Name: notifications_notification notifications_notification_sender_id_feea9ca3_fk_users_user_id; Type: FK CONSTRAINT; Schema: public; Owner: postgres
--

ALTER TABLE ONLY public.notifications_notification
    ADD CONSTRAINT notifications_notification_sender_id_feea9ca3_fk_users_user_id FOREIGN KEY (sender_id) REFERENCES public.users_user(id) DEFERRABLE INITIALLY DEFERRED;


--
-- TOC entry 4913 (class 2606 OID 41557)
-- Name: payroll_payrollrecord payroll_payrollrecor_category_id_ea40b074_fk_employees; Type: FK CONSTRAINT; Schema: public; Owner: postgres
--

ALTER TABLE ONLY public.payroll_payrollrecord
    ADD CONSTRAINT payroll_payrollrecor_category_id_ea40b074_fk_employees FOREIGN KEY (category_id) REFERENCES public.employees_category(id) DEFERRABLE INITIALLY DEFERRED;


--
-- TOC entry 4914 (class 2606 OID 25338)
-- Name: payroll_payrollrecord payroll_payrollrecor_employee_id_2724e4dc_fk_employees; Type: FK CONSTRAINT; Schema: public; Owner: postgres
--

ALTER TABLE ONLY public.payroll_payrollrecord
    ADD CONSTRAINT payroll_payrollrecor_employee_id_2724e4dc_fk_employees FOREIGN KEY (employee_id) REFERENCES public.employees_employee(id) DEFERRABLE INITIALLY DEFERRED;


--
-- TOC entry 4910 (class 2606 OID 25354)
-- Name: sites_constructionsite sites_constructionsi_chief_engineer_id_52710cd3_fk_users_use; Type: FK CONSTRAINT; Schema: public; Owner: postgres
--

ALTER TABLE ONLY public.sites_constructionsite
    ADD CONSTRAINT sites_constructionsi_chief_engineer_id_52710cd3_fk_users_use FOREIGN KEY (chief_engineer_id) REFERENCES public.users_user(id) DEFERRABLE INITIALLY DEFERRED;


--
-- TOC entry 4915 (class 2606 OID 25368)
-- Name: sites_constructionsite_site_engineers sites_constructionsi_constructionsite_id_95f8264c_fk_sites_con; Type: FK CONSTRAINT; Schema: public; Owner: postgres
--

ALTER TABLE ONLY public.sites_constructionsite_site_engineers
    ADD CONSTRAINT sites_constructionsi_constructionsite_id_95f8264c_fk_sites_con FOREIGN KEY (constructionsite_id) REFERENCES public.sites_constructionsite(id) DEFERRABLE INITIALLY DEFERRED;


--
-- TOC entry 4916 (class 2606 OID 25373)
-- Name: sites_constructionsite_site_engineers sites_constructionsi_user_id_9e26435a_fk_users_use; Type: FK CONSTRAINT; Schema: public; Owner: postgres
--

ALTER TABLE ONLY public.sites_constructionsite_site_engineers
    ADD CONSTRAINT sites_constructionsi_user_id_9e26435a_fk_users_use FOREIGN KEY (user_id) REFERENCES public.users_user(id) DEFERRABLE INITIALLY DEFERRED;


--
-- TOC entry 4898 (class 2606 OID 25209)
-- Name: users_user_groups users_user_groups_group_id_9afc8d0e_fk_auth_group_id; Type: FK CONSTRAINT; Schema: public; Owner: postgres
--

ALTER TABLE ONLY public.users_user_groups
    ADD CONSTRAINT users_user_groups_group_id_9afc8d0e_fk_auth_group_id FOREIGN KEY (group_id) REFERENCES public.auth_group(id) DEFERRABLE INITIALLY DEFERRED;


--
-- TOC entry 4899 (class 2606 OID 25204)
-- Name: users_user_groups users_user_groups_user_id_5f6f5a90_fk_users_user_id; Type: FK CONSTRAINT; Schema: public; Owner: postgres
--

ALTER TABLE ONLY public.users_user_groups
    ADD CONSTRAINT users_user_groups_user_id_5f6f5a90_fk_users_user_id FOREIGN KEY (user_id) REFERENCES public.users_user(id) DEFERRABLE INITIALLY DEFERRED;


--
-- TOC entry 4900 (class 2606 OID 25223)
-- Name: users_user_user_permissions users_user_user_perm_permission_id_0b93982e_fk_auth_perm; Type: FK CONSTRAINT; Schema: public; Owner: postgres
--

ALTER TABLE ONLY public.users_user_user_permissions
    ADD CONSTRAINT users_user_user_perm_permission_id_0b93982e_fk_auth_perm FOREIGN KEY (permission_id) REFERENCES public.auth_permission(id) DEFERRABLE INITIALLY DEFERRED;


--
-- TOC entry 4901 (class 2606 OID 25218)
-- Name: users_user_user_permissions users_user_user_permissions_user_id_20aca447_fk_users_user_id; Type: FK CONSTRAINT; Schema: public; Owner: postgres
--

ALTER TABLE ONLY public.users_user_user_permissions
    ADD CONSTRAINT users_user_user_permissions_user_id_20aca447_fk_users_user_id FOREIGN KEY (user_id) REFERENCES public.users_user(id) DEFERRABLE INITIALLY DEFERRED;


-- Completed on 2025-08-28 09:11:28

--
-- PostgreSQL database dump complete
--

